EmpID,Age,AgeGroup,Gender,Department,JobRole,MonthlyIncome,YearsAtCompany,JobSatisfaction,WorkLifeBalance,PerformanceRating,OverTime,Attrition
RM297,18,18-25,Male,"Research & Development","Laboratory Technician",1420,0,3,3,3,No,Yes
RM302,18,18-25,Female,Sales,"Sales Representative",1200,0,3,3,3,No,No
RM458,18,18-25,Male,Sales,"Sales Representative",1878,0,2,3,3,Yes,Yes
RM728,18,18-25,Male,"Research & Development","Research Scientist",1051,0,4,3,3,No,No
RM829,18,18-25,Male,"Research & Development","Laboratory Technician",1904,0,3,3,3,No,Yes
RM973,18,18-25,Female,"Research & Development","Laboratory Technician",1611,0,4,4,3,No,No
RM1154,18,18-25,Female,Sales,"Sales Representative",1569,0,4,4,3,Yes,Yes
RM1312,18,18-25,Female,"Research & Development","Research Scientist",1514,0,3,1,3,No,No
RM128,19,18-25,Male,Sales,"Sales Representative",1675,0,3,2,3,Yes,Yes
RM150,19,18-25,Female,"Research & Development","Laboratory Technician",1483,1,2,3,3,No,No
RM172,19,18-25,Female,Sales,"Sales Representative",2325,0,1,4,4,No,Yes
RM178,19,18-25,Male,"Research & Development","Laboratory Technician",1102,1,4,2,4,No,Yes
RM423,19,18-25,Male,"Human Resources","Human Resources",2564,1,4,4,3,No,Yes
RM689,19,18-25,Male,Sales,"Sales Representative",2121,1,2,4,3,Yes,Yes
RM854,19,18-25,Male,"Research & Development","Research Scientist",2552,1,1,3,4,No,No
RM893,19,18-25,Female,"Research & Development","Research Scientist",1859,1,2,4,4,Yes,Yes
RM910,19,18-25,Female,"Research & Development","Research Scientist",2994,1,4,3,3,Yes,No
RM103,20,18-25,Female,"Research & Development","Laboratory Technician",2926,1,4,3,3,Yes,Yes
RM488,20,18-25,Female,"Research & Development","Research Scientist",2836,1,2,4,3,No,No
RM514,20,18-25,Male,"Research & Development","Research Scientist",1009,1,3,3,3,Yes,Yes
RM663,20,18-25,Female,Sales,"Sales Representative",2044,2,3,2,3,No,Yes
RM690,20,18-25,Male,"Research & Development","Laboratory Technician",2973,1,1,3,3,No,Yes
RM732,20,18-25,Female,"Research & Development","Research Scientist",2600,1,1,3,3,Yes,Yes
RM777,20,18-25,Female,Sales,"Sales Representative",2323,2,4,3,3,Yes,Yes
RM857,20,18-25,Male,"Research & Development","Laboratory Technician",3033,2,3,2,3,No,No
RM877,20,18-25,Male,Sales,"Sales Representative",2678,2,4,3,3,No,No
RM1179,20,18-25,Female,Sales,"Sales Representative",2783,2,3,3,3,No,No
RM1198,20,18-25,Male,Sales,"Sales Representative",2728,2,1,3,3,No,No
RM275,21,18-25,Male,"Research & Development","Research Scientist",3230,3,3,4,3,No,No
RM358,21,18-25,Female,Sales,"Sales Representative",2174,3,2,3,3,Yes,Yes
RM371,21,18-25,Female,Sales,"Sales Representative",2716,1,2,3,3,No,Yes
RM497,21,18-25,Male,Sales,"Sales Representative",3447,3,3,3,3,No,No
RM664,21,18-25,Female,"Research & Development","Research Scientist",2693,1,4,2,3,No,Yes
RM778,21,18-25,Female,"Research & Development","Laboratory Technician",1416,1,1,2,3,No,Yes
RM816,21,18-25,Female,"Research & Development","Research Scientist",2070,2,2,4,3,Yes,No
RM916,21,18-25,Female,"Research & Development","Laboratory Technician",2625,2,3,1,4,No,Yes
RM1153,21,18-25,Male,"Research & Development","Research Scientist",3117,2,4,3,3,No,No
RM1272,21,18-25,Male,Sales,"Sales Representative",2679,1,2,3,3,No,Yes
RM1437,21,18-25,Male,Sales,"Sales Representative",2380,2,1,3,3,Yes,No
RM018,22,18-25,Male,"Research & Development","Laboratory Technician",2935,1,4,2,3,Yes,No
RM110,22,18-25,Female,"Research & Development","Laboratory Technician",2871,0,4,3,3,No,No
RM129,22,18-25,Male,"Research & Development","Laboratory Technician",2523,2,4,3,3,No,No
RM161,22,18-25,Male,"Research & Development","Research Scientist",2323,2,4,3,4,No,No
RM384,22,18-25,Female,"Research & Development","Research Scientist",2244,2,2,3,3,No,No
RM444,22,18-25,Male,"Research & Development","Laboratory Technician",3894,2,3,3,3,No,Yes
RM499,22,18-25,Male,"Research & Development","Research Scientist",2773,2,3,3,4,No,No
RM631,22,18-25,Male,"Research & Development","Manufacturing Director",4775,2,4,1,4,No,No
RM667,22,18-25,Female,"Research & Development","Manufacturing Director",4171,3,3,4,3,Yes,Yes
RM735,22,18-25,Male,"Research & Development","Laboratory Technician",2451,4,1,2,3,No,No
RM861,22,18-25,Male,"Research & Development","Research Scientist",2853,0,4,3,3,Yes,Yes
RM1138,22,18-25,Female,"Research & Development","Research Scientist",2814,4,3,2,3,Yes,No
RM1274,22,18-25,Female,"Research & Development","Laboratory Technician",2398,1,1,3,3,Yes,Yes
RM1340,22,18-25,Male,"Research & Development","Research Scientist",2472,1,2,3,4,Yes,Yes
RM1424,22,18-25,Male,"Research & Development","Research Scientist",3375,3,3,4,3,No,No
RM087,23,18-25,Male,Sales,"Sales Representative",2322,0,1,3,3,No,No
RM346,23,18-25,Male,"Research & Development","Research Scientist",2904,4,4,2,3,No,No
RM517,23,18-25,Male,"Research & Development","Research Scientist",2819,3,1,4,3,No,No
RM551,23,18-25,Male,"Research & Development","Laboratory Technician",2500,4,1,4,3,No,No
RM566,23,18-25,Male,"Research & Development","Research Scientist",3505,2,3,3,3,No,No
RM586,23,18-25,Male,"Research & Development","Laboratory Technician",1601,0,1,3,4,Yes,Yes
RM911,23,18-25,Male,"Research & Development","Research Scientist",1223,1,3,3,4,No,No
RM1083,23,18-25,Male,"Research & Development","Laboratory Technician",2272,4,3,3,3,No,No
RM1128,23,18-25,Male,"Research & Development","Research Scientist",2073,2,3,3,3,No,No
RM1202,23,18-25,Male,"Research & Development","Laboratory Technician",3989,5,3,3,3,Yes,Yes
RM1214,23,18-25,Male,Sales,"Sales Representative",2275,3,4,3,4,Yes,Yes
RM1239,23,18-25,Female,"Research & Development","Laboratory Technician",3295,3,2,1,3,No,No
RM1409,23,18-25,Male,"Research & Development","Laboratory Technician",2647,5,4,4,3,No,No
RM1439,23,18-25,Male,Sales,"Sales Representative",1790,1,1,2,3,No,Yes
RM021,24,18-25,Female,"Research & Development","Manufacturing Director",4011,4,3,2,3,No,No
RM035,24,18-25,Male,"Research & Development","Research Scientist",2293,2,4,2,3,Yes,Yes
RM097,24,18-25,Female,Sales,"Sales Executive",4999,3,3,2,4,No,No
RM114,24,18-25,Male,"Research & Development","Laboratory Technician",2774,5,3,3,3,No,No
RM381,24,18-25,Female,Sales,"Sales Executive",4260,5,3,4,3,Yes,No
RM415,24,18-25,Female,Sales,"Sales Representative",3202,5,2,3,3,Yes,Yes
RM471,24,18-25,Male,Sales,"Sales Representative",2400,2,4,3,3,No,No
RM475,24,18-25,Male,"Research & Development","Research Scientist",2725,6,4,3,3,Yes,No
RM477,24,18-25,Male,"Research & Development","Laboratory Technician",2127,1,2,3,4,No,No
RM480,24,18-25,Female,"Research & Development","Laboratory Technician",2886,6,3,3,3,Yes,Yes
RM526,24,18-25,Female,Sales,"Sales Executive",4577,2,3,3,3,No,Yes
RM587,24,18-25,Male,"Research & Development","Laboratory Technician",2694,1,2,3,3,No,No
RM641,24,18-25,Male,"Research & Development","Laboratory Technician",3162,5,4,2,3,No,No
RM725,24,18-25,Female,"Research & Development","Manufacturing Director",4377,4,3,3,3,No,No
RM842,24,18-25,Male,"Research & Development","Laboratory Technician",3597,4,2,3,4,No,No
RM872,24,18-25,Female,"Research & Development","Laboratory Technician",2210,1,2,1,3,No,Yes
RM1026,24,18-25,Female,Sales,"Sales Executive",4162,5,3,3,3,Yes,No
RM1061,24,18-25,Male,"Research & Development","Laboratory Technician",3172,0,1,2,3,Yes,Yes
RM1062,24,18-25,Female,Sales,"Sales Representative",2033,1,2,3,3,No,No
RM1098,24,18-25,Male,"Research & Development","Laboratory Technician",2296,1,1,3,3,No,No
RM1169,24,18-25,Female,"Research & Development","Research Scientist",3760,6,4,3,3,Yes,No
RM1218,24,18-25,Male,"Research & Development","Research Scientist",4401,5,3,3,3,No,No
RM1223,24,18-25,Male,"Human Resources","Human Resources",1555,1,3,3,3,No,Yes
RM1231,24,18-25,Male,"Research & Development","Laboratory Technician",3907,6,1,4,3,No,No
RM1246,24,18-25,Male,"Human Resources","Human Resources",2145,2,4,3,3,No,No
RM1408,24,18-25,Male,"Research & Development","Healthcare Representative",4617,4,3,2,3,No,No
RM108,25,18-25,Male,Sales,"Sales Executive",5744,6,3,3,3,Yes,Yes
RM109,25,18-25,Male,"Research & Development","Research Scientist",2889,2,4,3,3,No,No
RM268,25,18-25,Male,"Research & Development","Healthcare Representative",4000,6,1,3,3,No,No
RM398,25,18-25,Female,Sales,"Sales Executive",4487,5,4,3,3,Yes,No
RM479,25,18-25,Male,Sales,"Sales Representative",2096,7,3,3,3,No,No
RM518,25,18-25,Male,Sales,"Sales Executive",4851,3,2,3,4,No,No
RM564,25,18-25,Female,Sales,"Sales Executive",6180,6,4,2,4,No,No
RM619,25,18-25,Male,"Research & Development","Research Scientist",3424,4,1,2,3,No,No
RM635,25,18-25,Male,Sales,"Sales Executive",4194,5,1,3,3,Yes,No
RM639,25,18-25,Male,Sales,"Sales Executive",4256,5,1,4,3,No,No
RM684,25,18-25,Male,Sales,"Sales Representative",2413,1,2,3,3,Yes,Yes
RM797,25,18-25,Male,"Research & Development","Laboratory Technician",3691,7,4,4,3,Yes,Yes
RM886,25,18-25,Male,Sales,"Sales Executive",4950,4,4,3,3,No,No
RM912,25,18-25,Male,Sales,"Sales Representative",1118,1,4,3,3,Yes,Yes
RM935,25,18-25,Female,"Research & Development","Research Scientist",2096,2,2,2,3,No,No
RM966,25,18-25,Male,"Research & Development","Laboratory Technician",3669,3,4,2,3,No,No
RM994,25,18-25,Male,Sales,"Sales Executive",6232,3,3,2,3,No,No
RM1004,25,18-25,Male,"Research & Development","Laboratory Technician",3229,3,4,2,3,No,No
RM1022,25,18-25,Male,Sales,"Sales Representative",4400,3,1,3,3,No,Yes
RM1175,25,18-25,Male,"Research & Development","Manufacturing Director",5206,7,3,3,3,No,No
RM1412,25,18-25,Female,"Human Resources","Human Resources",2187,2,2,3,3,No,No
RM1414,25,18-25,Male,"Research & Development","Laboratory Technician",3977,2,3,2,3,Yes,No
RM1434,25,18-25,Female,Sales,"Sales Executive",4907,5,3,2,4,Yes,No
RM043,26,26-35,Male,"Research & Development","Laboratory Technician",2293,1,3,2,3,No,Yes
RM055,26,26-35,Female,Sales,"Sales Executive",4157,2,4,2,3,Yes,No
RM126,26,26-35,Female,"Research & Development","Research Scientist",2368,5,2,2,3,No,No
RM135,26,26-35,Female,"Human Resources","Human Resources",2942,8,3,3,4,No,No
RM279,26,26-35,Female,"Research & Development","Manufacturing Director",6397,6,2,1,4,No,No
RM285,26,26-35,Male,"Research & Development","Healthcare Representative",4741,5,1,3,3,Yes,No
RM289,26,26-35,Male,"Research & Development","Laboratory Technician",2373,3,2,3,3,Yes,Yes
RM294,26,26-35,Male,Sales,"Sales Executive",5828,8,4,3,3,Yes,Yes
RM356,26,26-35,Male,Sales,"Sales Executive",5296,8,3,3,3,No,No
RM383,26,26-35,Male,"Research & Development","Research Scientist",3102,6,1,3,4,No,Yes
RM419,26,26-35,Female,"Research & Development","Research Scientist",2886,3,4,1,4,No,No
RM454,26,26-35,Female,"Human Resources","Human Resources",2741,7,3,2,3,Yes,Yes
RM461,26,26-35,Male,Sales,"Sales Executive",4306,0,3,3,3,No,No
RM464,26,26-35,Male,"Research & Development","Laboratory Technician",2340,1,4,1,3,Yes,Yes
RM476,26,26-35,Male,Sales,"Sales Executive",6272,5,2,4,4,No,No
RM506,26,26-35,Female,"Research & Development","Laboratory Technician",2659,3,4,3,3,Yes,No
RM572,26,26-35,Female,"Research & Development","Laboratory Technician",4364,2,4,3,3,No,No
RM574,26,26-35,Male,Sales,"Sales Executive",5326,4,1,2,3,No,Yes
RM615,26,26-35,Female,"Research & Development","Research Scientist",2366,8,3,3,3,Yes,Yes
RM686,26,26-35,Male,Sales,"Sales Executive",4294,7,1,3,3,No,No
RM734,26,26-35,Male,"Research & Development","Manufacturing Director",5472,8,4,3,3,No,No
RM749,26,26-35,Male,Sales,"Sales Executive",4969,2,1,3,3,No,Yes
RM763,26,26-35,Male,"Research & Development","Research Scientist",2042,3,1,3,3,Yes,Yes
RM770,26,26-35,Female,"Research & Development","Research Scientist",2007,5,3,3,3,No,No
RM782,26,26-35,Male,"Research & Development","Laboratory Technician",3955,5,1,3,3,No,No
RM798,26,26-35,Male,"Research & Development","Laboratory Technician",2377,1,3,2,4,No,Yes
RM844,26,26-35,Male,"Research & Development","Laboratory Technician",4420,8,4,3,4,No,No
RM913,26,26-35,Male,"Research & Development","Research Scientist",2875,8,4,2,4,Yes,No
RM999,26,26-35,Male,"Research & Development","Research Scientist",3904,4,4,3,3,No,No
RM1005,26,26-35,Male,"Research & Development","Laboratory Technician",3578,7,1,3,3,No,No
RM1119,26,26-35,Female,"Research & Development","Research Scientist",2061,1,4,3,4,No,No
RM1207,26,26-35,Male,"Research & Development","Laboratory Technician",2570,7,4,3,4,No,No
RM1225,26,26-35,Male,"Research & Development","Laboratory Technician",2305,3,3,4,3,No,No
RM1298,26,26-35,Female,"Human Resources","Human Resources",2148,5,2,3,3,Yes,Yes
RM1310,26,26-35,Male,Sales,"Sales Executive",4684,5,4,3,3,No,No
RM1350,26,26-35,Female,"Research & Development","Research Scientist",2933,1,3,2,3,Yes,No
RM1362,26,26-35,Male,"Research & Development","Laboratory Technician",2544,7,4,3,3,No,No
RM1387,26,26-35,Male,"Research & Development","Laboratory Technician",2867,7,1,2,3,No,No
RM1465,26,26-35,Female,Sales,"Sales Representative",2966,4,3,3,3,No,No
RM1465,26,26-35,Female,Sales,"Sales Representative",2966,4,3,3,3,No,No
RM005,27,26-35,Male,"Research & Development","Laboratory Technician",3468,2,2,3,3,No,No
RM042,27,26-35,Female,"Research & Development","Laboratory Technician",2341,1,1,3,3,No,No
RM044,27,26-35,Male,Sales,"Sales Executive",8726,9,3,3,3,No,No
RM162,27,26-35,Male,"Research & Development","Research Scientist",2024,2,2,1,3,No,No
RM165,27,26-35,Male,"Research & Development","Research Scientist",2566,1,3,2,3,Yes,No
RM171,27,26-35,Male,"Research & Development","Research Scientist",3058,5,2,2,3,Yes,No
RM192,27,26-35,Female,"Research & Development","Research Scientist",2279,7,2,2,3,No,No
RM201,27,26-35,Male,"Research & Development","Manufacturing Director",4298,2,1,3,3,No,No
RM213,27,26-35,Female,Sales,"Sales Executive",9981,7,3,3,3,No,No
RM319,27,26-35,Female,"Research & Development","Research Scientist",2478,4,2,2,3,Yes,No
RM321,27,26-35,Male,Sales,"Sales Executive",4478,5,3,3,3,Yes,No
RM332,27,26-35,Male,Sales,"Sales Executive",6349,5,2,3,3,Yes,No
RM340,27,26-35,Female,Sales,"Sales Executive",6214,8,2,3,3,No,No
RM374,27,26-35,Male,"Research & Development","Laboratory Technician",3816,5,2,3,3,No,No
RM486,27,26-35,Female,"Research & Development","Research Scientist",2187,5,3,2,3,No,No
RM496,27,26-35,Male,Sales,"Sales Representative",3041,4,1,3,3,No,Yes
RM513,27,26-35,Male,"Research & Development","Research Scientist",2045,4,4,3,3,No,No
RM522,27,26-35,Female,Sales,"Sales Executive",4647,6,4,3,4,Yes,No
RM531,27,26-35,Female,"Research & Development","Manufacturing Director",7412,9,1,3,3,No,No
RM538,27,26-35,Male,"Research & Development","Manufacturing Director",8793,9,1,2,4,No,No
RM555,27,26-35,Female,"Research & Development","Healthcare Representative",6811,7,1,1,3,No,No
RM577,27,26-35,Male,Sales,"Sales Executive",4342,4,4,3,3,No,No
RM611,27,26-35,Male,"Research & Development","Research Director",12808,9,4,3,3,Yes,No
RM616,27,26-35,Male,"Research & Development","Research Scientist",1706,0,4,2,3,No,No
RM671,27,26-35,Female,"Research & Development","Research Scientist",2318,1,3,3,3,No,No
RM718,27,26-35,Female,"Research & Development","Laboratory Technician",2811,2,2,3,3,No,No
RM740,27,26-35,Female,"Research & Development","Manufacturing Director",4227,3,4,3,3,No,No
RM787,27,26-35,Male,"Research & Development","Laboratory Technician",4621,3,3,3,3,No,No
RM834,27,26-35,Male,"Research & Development","Research Scientist",2539,4,3,3,3,No,No
RM890,27,26-35,Male,"Research & Development","Research Scientist",2235,9,1,2,3,Yes,No
RM903,27,26-35,Male,"Research & Development","Research Scientist",2517,5,3,3,3,No,No
RM971,27,26-35,Female,Sales,"Sales Representative",2534,1,4,3,3,No,No
RM975,27,26-35,Male,Sales,"Sales Executive",5071,6,4,3,4,No,No
RM997,27,26-35,Female,Sales,"Sales Executive",5769,6,4,3,3,Yes,No
RM998,27,26-35,Female,"Research & Development","Research Scientist",2394,8,3,3,3,Yes,Yes
RM1018,27,26-35,Male,"Research & Development","Laboratory Technician",2099,5,1,4,3,No,No
RM1150,27,26-35,Male,"Research & Development","Laboratory Technician",4066,7,1,3,3,No,No
RM1170,27,26-35,Female,"Research & Development","Research Scientist",3517,3,3,3,3,No,No
RM1171,27,26-35,Male,"Research & Development","Research Scientist",2580,4,4,2,3,No,No
RM1249,27,26-35,Female,"Research & Development","Research Scientist",3445,6,4,2,3,No,No
RM1318,27,26-35,Female,"Research & Development","Laboratory Technician",2379,5,4,2,3,Yes,No
RM1329,27,26-35,Female,Sales,"Sales Representative",3540,9,3,3,4,No,No
RM1335,27,26-35,Female,"Research & Development","Research Scientist",4774,7,1,2,3,No,No
RM1351,27,26-35,Female,Sales,"Sales Executive",6500,8,3,2,3,No,No
RM1368,27,26-35,Male,"Research & Development","Research Scientist",2226,5,2,2,3,No,No
RM1380,27,26-35,Female,"Human Resources","Human Resources",2863,1,2,3,3,No,Yes
RM1394,27,26-35,Male,Sales,"Sales Executive",4105,7,4,3,3,No,No
RM1468,27,26-35,Male,"Research & Development","Manufacturing Director",6142,6,2,3,4,Yes,No
RM1468,27,26-35,Male,"Research & Development","Manufacturing Director",6142,6,2,3,4,Yes,No
RM015,28,26-35,Male,"Research & Development","Laboratory Technician",2028,4,3,3,3,Yes,Yes
RM052,28,26-35,Male,"Research & Development","Laboratory Technician",3441,2,3,2,3,Yes,Yes
RM098,28,26-35,Male,Sales,"Sales Executive",4221,5,3,4,3,No,No
RM163,28,26-35,Male,"Research & Development","Research Scientist",2713,5,4,1,3,No,No
RM265,28,26-35,Male,"Research & Development","Laboratory Technician",3485,0,3,1,3,No,Yes
RM273,28,26-35,Male,"Research & Development","Research Scientist",2070,5,4,2,4,No,No
RM290,28,26-35,Female,"Research & Development","Research Scientist",3310,5,4,3,4,No,No
RM303,28,26-35,Male,"Research & Development","Healthcare Representative",5661,8,1,3,3,No,No
RM324,28,26-35,Male,"Research & Development","Research Scientist",3464,3,4,2,3,Yes,Yes
RM375,28,26-35,Male,Sales,"Sales Executive",5253,7,4,3,3,No,No
RM541,28,26-35,Female,"Research & Development","Research Scientist",2216,7,2,3,3,Yes,Yes
RM599,28,26-35,Male,"Research & Development","Research Scientist",4382,2,3,2,3,No,Yes
RM613,28,26-35,Female,Sales,"Sales Executive",4779,8,2,3,4,Yes,No
RM630,28,26-35,Male,"Human Resources","Human Resources",4936,5,4,3,3,No,No
RM660,28,26-35,Male,Sales,"Sales Executive",4908,4,4,3,3,No,No
RM669,28,26-35,Female,"Research & Development","Research Scientist",2377,2,3,3,3,No,No
RM765,28,26-35,Male,Sales,"Sales Representative",1052,1,2,3,4,No,No
RM781,28,26-35,Male,"Research & Development","Healthcare Representative",8722,10,1,2,3,No,Yes
RM789,28,26-35,Female,"Research & Development","Research Scientist",3660,8,3,4,3,No,No
RM794,28,26-35,Male,"Research & Development","Laboratory Technician",2207,4,3,2,3,No,No
RM801,28,26-35,Male,"Research & Development","Laboratory Technician",2596,1,2,3,3,No,Yes
RM810,28,26-35,Female,"Research & Development","Manufacturing Director",7655,9,2,2,3,No,No
RM820,28,26-35,Male,"Research & Development","Research Scientist",3201,5,2,1,3,No,No
RM828,28,26-35,Male,"Research & Development","Research Scientist",2703,3,3,3,3,Yes,No
RM843,28,26-35,Female,"Research & Development","Laboratory Technician",2515,1,4,2,3,Yes,Yes
RM869,28,26-35,Male,"Research & Development","Laboratory Technician",3196,6,1,3,3,No,No
RM922,28,26-35,Male,"Research & Development","Laboratory Technician",2154,4,3,2,3,Yes,No
RM930,28,26-35,Male,"Research & Development","Laboratory Technician",3867,2,4,3,3,Yes,No
RM934,28,26-35,Male,"Research & Development","Research Scientist",2080,3,1,2,3,No,No
RM945,28,26-35,Female,"Research & Development","Laboratory Technician",6674,9,4,3,3,No,No
RM985,28,26-35,Male,Sales,"Sales Executive",4724,5,1,3,3,No,No
RM1042,28,26-35,Male,Sales,"Sales Executive",8463,5,1,3,3,No,No
RM1057,28,26-35,Male,Sales,"Sales Representative",2909,3,3,4,3,No,Yes
RM1069,28,26-35,Male,"Research & Development","Laboratory Technician",2561,0,1,2,3,No,Yes
RM1070,28,26-35,Male,"Research & Development","Research Scientist",1563,1,3,1,3,No,No
RM1071,28,26-35,Male,Sales,"Sales Executive",4898,4,1,3,3,No,No
RM1074,28,26-35,Male,"Research & Development","Manufacturing Director",6549,8,2,2,3,No,No
RM1137,28,26-35,Male,"Research & Development","Laboratory Technician",2408,1,2,3,3,Yes,Yes
RM1152,28,26-35,Female,"Research & Development","Manufacturing Director",4877,5,1,2,4,No,No
RM1284,28,26-35,Male,"Research & Development","Research Scientist",2044,5,4,4,3,No,No
RM1308,28,26-35,Female,"Research & Development","Research Scientist",3591,3,1,3,4,No,No
RM1324,28,26-35,Male,"Human Resources","Human Resources",2706,3,4,3,3,No,No
RM1338,28,26-35,Female,Sales,"Sales Representative",2856,1,2,3,3,No,No
RM1365,28,26-35,Male,Sales,"Sales Executive",6834,7,4,3,3,Yes,No
RM1370,28,26-35,Female,Sales,"Sales Executive",9854,2,3,3,3,Yes,Yes
RM1382,28,26-35,Male,"Research & Development","Research Scientist",2144,5,3,2,3,No,No
RM1391,28,26-35,Male,"Research & Development","Laboratory Technician",2367,4,4,2,3,No,Yes
RM012,29,26-35,Female,"Research & Development","Laboratory Technician",4193,9,3,3,3,Yes,No
RM016,29,26-35,Female,"Research & Development","Manufacturing Director",9980,10,1,3,3,No,No
RM156,29,26-35,Male,"Research & Development","Manufacturing Director",4319,10,3,3,3,No,No
RM218,29,26-35,Male,"Research & Development","Research Scientist",2058,6,3,2,3,No,Yes
RM228,29,26-35,Female,Sales,"Sales Executive",7918,11,4,3,3,No,No
RM230,29,26-35,Male,"Research & Development","Research Scientist",2389,4,4,2,3,Yes,Yes
RM266,29,26-35,Male,Sales,"Sales Executive",6644,0,2,3,3,No,No
RM283,29,26-35,Male,Sales,"Sales Executive",4554,10,4,2,3,No,No
RM337,29,26-35,Male,"Research & Development","Laboratory Technician",2119,7,1,2,3,Yes,Yes
RM338,29,26-35,Male,"Research & Development","Laboratory Technician",3983,3,4,3,3,No,No
RM344,29,26-35,Female,Sales,"Sales Executive",8268,7,2,3,3,Yes,No
RM350,29,26-35,Male,Sales,"Sales Executive",4649,4,3,2,3,No,No
RM372,29,26-35,Male,"Research & Development","Research Scientist",2201,3,4,3,3,No,No
RM421,29,26-35,Male,"Research & Development","Research Director",11935,10,3,3,3,No,No
RM422,29,26-35,Female,"Research & Development","Research Scientist",2546,2,2,4,3,No,Yes
RM455,29,26-35,Male,"Research & Development","Manufacturing Director",4262,3,4,4,3,No,No
RM508,29,26-35,Female,Sales,"Sales Executive",5561,6,3,2,3,No,No
RM520,29,26-35,Male,"Research & Development","Research Scientist",2720,10,4,3,3,No,No
RM547,29,26-35,Male,Sales,"Sales Representative",2642,1,3,3,3,No,No
RM556,29,26-35,Male,Sales,"Sales Representative",2297,2,2,3,3,No,No
RM573,29,26-35,Female,"Research & Development","Healthcare Representative",4335,8,3,2,3,No,No
RM590,29,26-35,Female,"Research & Development","Laboratory Technician",2319,1,1,3,3,Yes,Yes
RM595,29,26-35,Male,"Research & Development","Research Scientist",2700,10,3,3,4,No,No
RM646,29,26-35,Female,Sales,"Sales Representative",2800,3,3,3,3,Yes,Yes
RM658,29,26-35,Female,"Research & Development","Laboratory Technician",2532,4,4,3,3,No,No
RM698,29,26-35,Female,Sales,"Sales Representative",2157,3,4,3,3,No,No
RM712,29,26-35,Female,"Research & Development","Research Scientist",2404,0,1,3,4,Yes,Yes
RM809,29,26-35,Female,"Research & Development","Research Scientist",2514,7,4,3,4,No,No
RM824,29,26-35,Female,"Research & Development","Research Scientist",3291,7,2,2,3,No,No
RM826,29,26-35,Male,"Research & Development","Manufacturing Director",5056,10,4,2,3,Yes,No
RM837,29,26-35,Female,Sales,"Sales Executive",7336,11,1,1,3,No,Yes
RM853,29,26-35,Female,"Research & Development","Laboratory Technician",3131,10,4,3,3,No,No
RM860,29,26-35,Female,"Research & Development","Research Scientist",2168,5,4,2,3,Yes,No
RM894,29,26-35,Female,"Research & Development","Research Scientist",3760,3,4,3,3,No,No
RM904,29,26-35,Male,"Research & Development","Healthcare Representative",6623,6,4,3,3,Yes,No
RM906,29,26-35,Female,"Research & Development","Research Director",16124,7,4,2,3,No,No
RM933,29,26-35,Female,"Research & Development","Laboratory Technician",3339,7,3,3,3,Yes,Yes
RM1006,29,26-35,Male,"Human Resources","Human Resources",7988,10,1,2,3,No,No
RM1008,29,26-35,Female,"Research & Development","Healthcare Representative",7553,8,4,3,3,Yes,Yes
RM1058,29,26-35,Female,Sales,"Sales Executive",5765,5,2,1,3,No,Yes
RM1064,29,26-35,Male,Sales,"Sales Executive",8620,10,3,3,3,No,No
RM1073,29,26-35,Female,"Research & Development","Laboratory Technician",3180,3,2,3,3,No,No
RM1078,29,26-35,Male,"Research & Development","Research Scientist",2362,9,1,1,3,No,Yes
RM1091,29,26-35,Female,"Research & Development","Healthcare Representative",9715,7,1,3,3,No,No
RM1105,29,26-35,Male,"Research & Development","Research Scientist",2451,1,3,2,3,No,No
RM1123,29,26-35,Male,"Research & Development","Laboratory Technician",4723,10,1,3,3,Yes,No
RM1126,29,26-35,Male,"Research & Development","Healthcare Representative",8853,6,4,4,3,No,No
RM1173,29,26-35,Male,Sales,"Sales Executive",5869,5,3,3,3,No,No
RM1189,29,26-35,Male,Sales,"Sales Executive",4187,10,2,2,3,Yes,No
RM1220,29,26-35,Female,"Research & Development","Laboratory Technician",2974,5,3,3,3,No,No
RM1250,29,26-35,Female,Sales,"Sales Representative",2760,2,2,3,3,No,Yes
RM1251,29,26-35,Male,"Research & Development","Healthcare Representative",6294,3,3,4,3,Yes,No
RM1259,29,26-35,Female,"Research & Development","Research Scientist",2109,1,1,3,3,No,No
RM1314,29,26-35,Male,"Human Resources","Human Resources",2335,2,1,3,3,Yes,Yes
RM1319,29,26-35,Male,"Research & Development","Laboratory Technician",3812,11,4,4,3,No,No
RM1325,29,26-35,Male,"Research & Development","Healthcare Representative",6384,7,3,3,3,No,No
RM1330,29,26-35,Male,"Human Resources","Human Resources",2804,1,2,3,3,No,No
RM1333,29,26-35,Male,"Research & Development","Research Scientist",2439,1,4,2,4,Yes,Yes
RM1344,29,26-35,Male,"Research & Development","Laboratory Technician",2062,3,1,3,3,No,No
RM1366,29,26-35,Male,Sales,"Sales Representative",1091,1,1,3,3,No,Yes
RM1388,29,26-35,Male,"Research & Development","Healthcare Representative",5373,5,1,2,3,No,No
RM1443,29,26-35,Male,"Research & Development","Research Scientist",4787,2,4,4,3,Yes,Yes
RM1460,29,26-35,Male,"Research & Development","Laboratory Technician",4025,4,2,3,3,Yes,No
RM1461,29,26-35,Female,"Research & Development","Research Scientist",3785,5,1,1,3,No,No
RM1461,29,26-35,Female,"Research & Development","Research Scientist",3785,5,1,1,3,No,No
RM033,30,26-35,Male,"Research & Development","Laboratory Technician",2206,10,3,3,3,No,No
RM045,30,26-35,Female,"Research & Development","Laboratory Technician",4011,12,4,3,4,No,No
RM081,30,26-35,Male,"Research & Development","Laboratory Technician",5126,10,4,2,3,Yes,No
RM089,30,26-35,Male,"Research & Development","Healthcare Representative",4152,11,4,3,3,No,No
RM093,30,26-35,Female,Sales,"Sales Executive",5209,11,2,2,3,Yes,No
RM121,30,26-35,Male,"Research & Development","Research Scientist",2613,10,3,2,4,No,No
RM168,30,26-35,Female,Sales,"Sales Executive",9419,10,4,3,3,No,No
RM174,30,26-35,Male,"Research & Development","Laboratory Technician",3072,12,1,3,3,No,No
RM212,30,26-35,Male,"Research & Development","Manufacturing Director",8474,11,3,3,4,No,No
RM215,30,26-35,Female,"Research & Development","Research Scientist",2657,5,1,3,3,Yes,Yes
RM217,30,26-35,Female,Sales,"Sales Executive",6696,6,1,2,3,No,Yes
RM325,30,26-35,Female,"Research & Development","Research Scientist",5775,10,4,3,3,No,No
RM339,30,26-35,Female,Sales,"Sales Executive",6118,10,3,3,3,No,No
RM355,30,26-35,Female,Sales,"Sales Executive",4736,2,3,4,3,Yes,No
RM382,30,26-35,Male,Sales,"Sales Representative",2476,1,2,3,3,No,No
RM386,30,26-35,Male,"Research & Development","Research Scientist",2285,1,4,3,4,Yes,Yes
RM403,30,26-35,Female,Sales,"Sales Executive",6577,5,3,3,3,No,No
RM411,30,26-35,Female,"Research & Development","Manufacturing Director",6091,5,4,3,4,No,No
RM420,30,26-35,Male,"Research & Development","Laboratory Technician",2097,5,4,1,3,No,No
RM424,30,26-35,Female,Sales,"Sales Executive",8412,9,1,3,3,No,No
RM427,30,26-35,Female,"Research & Development","Laboratory Technician",2564,11,4,2,3,No,No
RM438,30,26-35,Male,Sales,"Sales Representative",2983,3,2,3,3,No,No
RM481,30,26-35,Male,Sales,"Sales Representative",2033,1,1,4,3,No,Yes
RM502,30,26-35,Female,"Research & Development","Research Scientist",2083,1,3,3,4,No,No
RM546,30,26-35,Male,Sales,"Sales Executive",5304,8,4,2,4,No,No
RM582,30,26-35,Male,"Research & Development","Laboratory Technician",3833,2,3,3,4,No,No
RM603,30,26-35,Female,"Research & Development","Manufacturing Director",6877,0,4,2,4,Yes,No
RM624,30,26-35,Male,"Research & Development","Research Scientist",3761,5,4,2,3,No,No
RM703,30,26-35,Male,Sales,"Sales Executive",7264,8,3,4,3,No,No
RM721,30,26-35,Female,"Research & Development","Research Scientist",2132,5,3,3,3,Yes,Yes
RM731,30,26-35,Female,"Research & Development","Research Director",11416,8,1,2,3,Yes,No
RM733,30,26-35,Female,"Research & Development","Laboratory Technician",2422,3,2,3,3,No,Yes
RM783,30,26-35,Male,"Research & Development","Manufacturing Director",9957,6,1,2,3,No,No
RM845,30,26-35,Male,Sales,"Sales Executive",6578,10,3,3,3,No,No
RM866,30,26-35,Male,Sales,"Sales Executive",4115,4,1,3,3,No,No
RM875,30,26-35,Male,"Research & Development","Laboratory Technician",3491,10,3,2,3,No,No
RM887,30,26-35,Male,"Research & Development","Research Scientist",3579,11,2,3,4,Yes,No
RM932,30,26-35,Female,"Research & Development","Manufacturing Director",4695,8,3,3,3,Yes,No
RM942,30,26-35,Female,"Research & Development","Laboratory Technician",4627,9,4,3,3,No,No
RM949,30,26-35,Female,"Research & Development",Manager,11916,9,1,3,4,Yes,No
RM1014,30,26-35,Female,Sales,"Sales Executive",4779,3,1,3,3,No,No
RM1050,30,26-35,Male,Sales,"Sales Executive",5301,2,3,2,3,No,No
RM1053,30,26-35,Male,"Research & Development","Research Scientist",1274,1,3,2,3,No,No
RM1065,30,26-35,Male,"Human Resources","Human Resources",2064,5,3,4,4,No,No
RM1107,30,26-35,Male,Sales,"Sales Executive",9714,10,1,3,3,No,Yes
RM1110,30,26-35,Male,Sales,"Sales Executive",9250,4,2,3,3,No,No
RM1142,30,26-35,Male,"Research & Development","Research Scientist",2141,6,2,2,3,No,No
RM1234,30,26-35,Male,"Research & Development","Research Scientist",2862,10,4,2,3,No,No
RM1245,30,26-35,Female,"Research & Development","Research Scientist",4968,9,1,3,3,No,No
RM1247,30,26-35,Female,"Human Resources","Human Resources",2180,4,4,2,3,No,Yes
RM1252,30,26-35,Male,Sales,"Sales Executive",7140,7,1,3,3,No,No
RM1260,30,26-35,Male,"Research & Development","Healthcare Representative",5294,7,3,3,3,No,No
RM1297,30,26-35,Female,"Research & Development","Manufacturing Director",9667,7,3,3,3,No,No
RM1339,30,26-35,Male,Sales,"Sales Representative",1081,1,4,2,3,No,Yes
RM1413,30,26-35,Male,"Research & Development","Laboratory Technician",3748,12,2,2,3,No,No
RM013,31,26-35,Male,"Research & Development","Research Scientist",2911,5,3,2,3,No,No
RM059,31,26-35,Male,"Research & Development","Laboratory Technician",5915,7,4,2,4,No,No
RM125,31,26-35,Male,Sales,"Sales Executive",6172,7,3,2,3,Yes,Yes
RM133,31,26-35,Female,Sales,"Sales Executive",4559,2,3,3,3,Yes,Yes
RM181,31,26-35,Female,"Research & Development","Research Scientist",3929,4,4,3,4,Yes,No
RM225,31,26-35,Male,"Research & Development","Manufacturing Director",4345,5,3,3,3,No,No
RM246,31,26-35,Male,"Research & Development","Research Director",13675,2,3,3,3,No,No
RM260,31,26-35,Male,"Research & Development","Laboratory Technician",3479,5,2,4,3,No,Yes
RM267,31,26-35,Male,"Research & Development","Healthcare Representative",5582,9,4,3,4,No,No
RM293,31,26-35,Female,Sales,"Sales Representative",2789,2,2,2,3,No,No
RM304,31,26-35,Male,Sales,"Sales Executive",6929,8,4,2,3,No,No
RM310,31,26-35,Male,"Research & Development","Research Scientist",4821,5,4,3,3,Yes,No
RM311,31,26-35,Male,"Human Resources","Human Resources",6410,2,1,3,3,No,No
RM313,31,26-35,Male,"Research & Development","Research Scientist",2695,2,4,1,3,Yes,No
RM322,31,26-35,Male,Sales,"Sales Executive",7547,7,4,3,3,No,No
RM326,31,26-35,Female,"Research & Development","Manufacturing Director",8943,10,3,3,4,No,No
RM343,31,26-35,Female,"Research & Development","Manufacturing Director",7143,11,4,2,3,Yes,No
RM370,31,26-35,Male,"Research & Development","Research Scientist",2657,2,2,3,3,Yes,No
RM395,31,26-35,Female,"Research & Development","Manufacturing Director",4306,13,1,1,3,No,No
RM400,31,26-35,Male,"Research & Development","Laboratory Technician",2218,4,1,3,3,No,No
RM435,31,26-35,Male,"Research & Development","Manufacturing Director",10648,13,2,4,4,No,No
RM440,31,26-35,Male,"Research & Development","Healthcare Representative",9824,1,3,3,3,No,Yes
RM451,31,26-35,Male,Sales,"Sales Executive",6582,6,4,4,3,Yes,No
RM457,31,26-35,Male,Sales,Manager,11557,5,4,2,4,No,No
RM483,31,26-35,Male,Sales,"Sales Executive",4233,3,1,1,3,No,Yes
RM485,31,26-35,Male,Sales,"Sales Executive",5460,7,4,4,4,No,No
RM645,31,26-35,Male,"Research & Development","Research Scientist",2356,6,4,3,3,Yes,No
RM676,31,26-35,Male,Sales,"Sales Representative",2329,7,3,4,3,No,No
RM680,31,26-35,Female,Sales,"Sales Executive",6932,9,3,2,3,No,No
RM691,31,26-35,Female,"Research & Development","Healthcare Representative",5855,9,4,1,3,Yes,No
RM710,31,26-35,Male,"Research & Development","Research Scientist",2321,3,1,3,4,Yes,Yes
RM727,31,26-35,Female,"Research & Development","Manufacturing Director",4148,4,1,3,3,No,No
RM819,31,26-35,Male,Sales,"Sales Representative",2791,2,4,3,3,No,No
RM832,31,26-35,Male,"Research & Development","Laboratory Technician",2610,2,3,2,3,No,Yes
RM896,31,26-35,Male,"Research & Development","Healthcare Representative",6833,6,1,2,3,Yes,No
RM897,31,26-35,Female,"Research & Development","Healthcare Representative",6812,10,1,3,3,No,No
RM951,31,26-35,Female,Sales,"Sales Executive",9852,10,3,2,3,Yes,No
RM953,31,26-35,Female,Sales,"Sales Representative",2302,3,2,4,3,Yes,Yes
RM981,31,26-35,Female,Sales,"Sales Representative",2785,1,4,4,3,No,Yes
RM986,31,26-35,Male,"Research & Development","Manufacturing Director",6179,10,3,2,3,Yes,Yes
RM1013,31,26-35,Female,Sales,"Sales Representative",1359,1,3,3,3,No,Yes
RM1015,31,26-35,Female,"Research & Development","Research Director",16422,3,2,4,3,No,No
RM1017,31,26-35,Female,"Research & Development","Research Scientist",1261,1,2,4,3,No,Yes
RM1031,31,26-35,Male,Sales,"Sales Executive",10793,13,4,3,3,No,No
RM1034,31,26-35,Female,"Research & Development","Manufacturing Director",7446,10,2,3,3,No,Yes
RM1036,31,26-35,Female,"Human Resources","Human Resources",2109,3,2,3,3,No,No
RM1037,31,26-35,Male,"Research & Development","Laboratory Technician",3722,2,4,1,3,Yes,Yes
RM1086,31,26-35,Female,"Research & Development","Research Scientist",4084,7,3,1,3,No,Yes
RM1145,31,26-35,Male,Sales,"Sales Executive",5332,5,1,3,3,No,No
RM1192,31,26-35,Female,Sales,"Sales Executive",5476,10,4,3,3,No,No
RM1228,31,26-35,Male,"Research & Development","Laboratory Technician",3477,5,3,4,3,No,No
RM1240,31,26-35,Female,"Research & Development","Manufacturing Director",5238,5,4,2,4,No,No
RM1248,31,26-35,Male,Sales,"Sales Executive",8346,5,3,3,3,No,No
RM1258,31,26-35,Male,Sales,"Sales Executive",8161,1,3,3,3,No,Yes
RM1275,31,26-35,Female,Sales,"Sales Executive",5468,12,4,3,3,No,No
RM1307,31,26-35,Female,Sales,"Sales Executive",9637,3,1,3,3,No,No
RM1313,31,26-35,Male,"Human Resources","Human Resources",2956,1,1,3,3,No,Yes
RM1342,31,26-35,Male,"Research & Development","Laboratory Technician",4197,10,3,3,3,No,No
RM1359,31,26-35,Female,Sales,"Sales Executive",6583,5,4,3,3,Yes,No
RM1361,31,26-35,Female,"Research & Development","Laboratory Technician",3978,2,3,2,3,No,No
RM1383,31,26-35,Male,"Research & Development","Research Scientist",3065,4,1,4,3,Yes,No
RM1390,31,26-35,Male,"Research & Development","Research Scientist",5003,10,1,3,4,No,No
RM1396,31,26-35,Male,Sales,"Sales Executive",5617,10,4,3,3,Yes,Yes
RM1403,31,26-35,Female,"Research & Development","Laboratory Technician",1129,1,4,3,3,Yes,No
RM1406,31,26-35,Female,"Research & Development","Research Director",11031,11,3,4,4,No,No
RM1418,31,26-35,Male,Sales,"Sales Representative",3067,2,3,3,3,No,No
RM1464,31,26-35,Male,"Research & Development","Manufacturing Director",9936,9,1,3,3,No,No
RM1464,31,26-35,Male,"Research & Development","Manufacturing Director",9936,9,1,3,3,No,No
RM006,32,26-35,Male,"Research & Development","Laboratory Technician",3068,7,4,2,3,No,No
RM017,32,26-35,Male,"Research & Development","Research Scientist",3298,6,2,2,3,Yes,No
RM061,32,26-35,Male,"Research & Development","Manufacturing Director",6162,9,4,3,4,Yes,No
RM095,32,26-35,Male,Sales,"Sales Executive",5010,11,3,3,3,No,No
RM102,32,26-35,Male,"Research & Development","Research Scientist",2956,1,1,3,3,No,No
RM155,32,26-35,Female,Sales,"Sales Executive",8998,9,4,3,3,No,No
RM170,32,26-35,Male,"Research & Development","Research Scientist",3038,5,3,3,4,No,No
RM239,32,26-35,Female,Sales,"Sales Representative",3931,4,2,3,3,No,No
RM240,32,26-35,Male,"Research & Development","Laboratory Technician",3730,3,3,1,3,Yes,Yes
RM242,32,26-35,Male,Sales,"Sales Executive",4465,3,4,3,3,No,No
RM261,32,26-35,Male,"Research & Development","Laboratory Technician",2794,5,2,1,4,No,No
RM263,32,26-35,Male,"Research & Development","Laboratory Technician",2176,6,1,3,3,No,No
RM307,32,26-35,Male,Sales,"Sales Executive",5484,13,3,2,3,No,No
RM320,32,26-35,Female,Sales,"Sales Executive",5228,13,2,3,3,Yes,No
RM323,32,26-35,Female,"Research & Development","Research Scientist",5055,7,4,2,3,No,No
RM352,32,26-35,Female,"Research & Development","Laboratory Technician",2370,8,2,3,3,No,No
RM470,32,26-35,Male,Sales,"Sales Executive",4707,4,3,3,3,No,Yes
RM501,32,26-35,Female,"Research & Development","Research Scientist",6322,6,4,2,3,Yes,No
RM528,32,26-35,Male,Sales,"Sales Executive",5396,10,4,2,3,No,No
RM532,32,26-35,Female,"Research & Development","Research Director",11159,7,4,3,3,No,No
RM559,32,26-35,Male,"Research & Development","Laboratory Technician",5309,10,4,3,3,No,No
RM601,32,26-35,Female,"Research & Development","Manufacturing Director",6162,14,3,3,3,No,No
RM623,32,26-35,Male,Sales,"Sales Executive",4403,5,4,2,3,No,No
RM627,32,26-35,Female,"Research & Development","Research Scientist",5175,5,3,2,3,No,No
RM638,32,26-35,Male,"Research & Development","Laboratory Technician",2314,3,4,3,3,No,No
RM642,32,26-35,Male,Sales,"Sales Executive",6524,10,2,3,3,No,No
RM657,32,26-35,Male,"Research & Development","Laboratory Technician",2795,1,4,1,4,Yes,Yes
RM683,32,26-35,Female,"Research & Development","Laboratory Technician",2332,3,2,3,4,No,No
RM693,32,26-35,Female,"Research & Development","Manufacturing Director",6725,8,1,4,3,No,No
RM757,32,26-35,Female,"Research & Development","Laboratory Technician",4025,8,3,3,3,No,No
RM851,32,26-35,Female,Sales,"Sales Representative",2827,1,1,3,3,No,No
RM881,32,26-35,Female,"Research & Development","Laboratory Technician",2743,2,2,3,4,No,No
RM882,32,26-35,Female,"Research & Development","Research Scientist",4998,8,3,3,3,Yes,No
RM936,32,26-35,Male,Sales,"Sales Executive",6209,10,4,4,3,No,No
RM940,32,26-35,Male,"Research & Development","Laboratory Technician",4883,10,3,3,3,No,Yes
RM992,32,26-35,Male,Sales,"Sales Executive",4078,3,2,2,3,Yes,No
RM1027,32,26-35,Male,Sales,"Sales Executive",9204,4,4,2,3,No,No
RM1076,32,26-35,Male,"Research & Development",Manager,11244,5,4,4,4,No,No
RM1102,32,26-35,Female,"Research & Development","Research Scientist",5878,7,2,3,3,No,No
RM1114,32,26-35,Male,"Research & Development","Research Scientist",4087,6,1,2,3,No,No
RM1140,32,26-35,Female,"Research & Development","Research Scientist",3312,3,4,3,3,No,No
RM1191,32,26-35,Male,"Research & Development","Research Scientist",5470,9,2,2,3,No,No
RM1206,32,26-35,Male,"Research & Development","Laboratory Technician",1393,1,2,3,3,No,Yes
RM1227,32,26-35,Male,"Research & Development","Research Scientist",3433,5,3,2,3,No,No
RM1238,32,26-35,Male,Sales,"Sales Executive",6735,0,2,3,3,No,Yes
RM1242,32,26-35,Male,Sales,"Sales Executive",9610,4,3,1,3,No,No
RM1261,32,26-35,Male,"Research & Development","Research Scientist",2718,7,2,3,3,No,No
RM1320,32,26-35,Male,Sales,"Sales Executive",4648,0,4,4,3,No,No
RM1327,32,26-35,Male,Sales,"Sales Executive",9907,2,2,2,3,Yes,Yes
RM1376,32,26-35,Female,"Research & Development","Research Scientist",2432,4,3,3,3,Yes,Yes
RM1389,32,26-35,Female,"Research & Development","Healthcare Representative",6667,5,4,3,3,No,No
RM1395,32,26-35,Male,"Research & Development","Manufacturing Director",9679,1,4,3,4,No,No
RM1427,32,26-35,Female,"Research & Development","Laboratory Technician",2837,6,2,3,3,No,No
RM1429,32,26-35,Male,Sales,"Sales Representative",2269,2,2,3,3,No,No
RM1432,32,26-35,Female,Sales,"Sales Executive",10422,14,4,3,3,No,No
RM1450,32,26-35,Male,"Research & Development","Research Scientist",2439,4,1,3,3,No,No
RM004,33,26-35,Female,"Research & Development","Research Scientist",2909,8,3,3,3,Yes,No
RM040,33,26-35,Female,Sales,"Sales Executive",5376,5,1,3,3,No,No
RM056,33,26-35,Female,"Research & Development","Research Director",13458,15,4,3,3,Yes,No
RM122,33,26-35,Male,Sales,"Sales Executive",6146,7,2,4,3,No,No
RM177,33,26-35,Male,"Research & Development","Research Scientist",2500,3,4,4,3,No,No
RM186,33,26-35,Female,"Research & Development","Research Scientist",2756,8,2,3,3,No,No
RM222,33,26-35,Female,"Research & Development","Research Scientist",2622,3,2,3,4,No,No
RM235,33,26-35,Male,"Research & Development","Laboratory Technician",2436,5,4,1,3,Yes,Yes
RM237,33,26-35,Female,"Research & Development","Laboratory Technician",2707,9,1,4,4,No,Yes
RM247,33,26-35,Female,"Research & Development","Research Scientist",2911,2,4,2,3,No,No
RM314,33,26-35,Female,"Research & Development",Manager,11878,10,2,3,3,No,No
RM329,33,26-35,Male,Sales,"Sales Executive",4682,7,4,2,3,No,No
RM364,33,26-35,Female,Sales,"Sales Representative",2851,1,3,3,3,Yes,Yes
RM436,33,26-35,Male,"Research & Development",Manager,13610,7,3,4,3,Yes,Yes
RM437,33,26-35,Male,"Research & Development","Laboratory Technician",3408,4,4,3,3,No,Yes
RM456,33,26-35,Female,"Research & Development","Research Director",16184,6,3,3,3,No,No
RM500,33,26-35,Male,Sales,"Sales Executive",7104,5,3,3,3,No,No
RM510,33,26-35,Male,"Research & Development","Healthcare Representative",7725,13,4,1,4,No,No
RM515,33,26-35,Male,"Research & Development","Research Scientist",3348,10,1,3,3,Yes,Yes
RM563,33,26-35,Male,"Research & Development","Research Scientist",2686,10,4,2,3,Yes,Yes
RM591,33,26-35,Male,"Research & Development","Research Director",11691,13,3,4,3,No,No
RM592,33,26-35,Female,Sales,"Sales Executive",5324,3,1,3,3,No,Yes
RM620,33,26-35,Male,Sales,"Sales Executive",4037,9,1,3,4,No,No
RM656,33,26-35,Male,"Human Resources","Human Resources",2277,4,2,4,3,Yes,No
RM674,33,26-35,Male,"Research & Development","Research Scientist",2799,3,1,3,3,Yes,No
RM695,33,26-35,Female,"Research & Development","Healthcare Representative",6949,5,4,3,3,No,No
RM711,33,26-35,Male,Sales,Manager,17444,10,3,3,3,No,No
RM713,33,26-35,Female,"Research & Development","Research Scientist",3452,3,4,3,3,No,No
RM716,33,26-35,Female,"Research & Development","Healthcare Representative",5488,6,2,3,3,Yes,No
RM755,33,26-35,Female,Sales,"Sales Representative",2342,2,4,2,3,No,No
RM791,33,26-35,Male,"Research & Development","Healthcare Representative",7119,3,4,3,3,No,No
RM793,33,26-35,Female,"Research & Development","Research Scientist",4508,13,3,3,4,No,Yes
RM799,33,26-35,Male,"Research & Development","Research Scientist",2313,2,2,3,4,Yes,Yes
RM803,33,26-35,Female,Sales,"Sales Executive",4302,3,2,3,3,No,No
RM830,33,26-35,Female,Sales,"Sales Executive",8224,5,1,3,3,Yes,Yes
RM864,33,26-35,Male,"Human Resources","Human Resources",3600,5,3,3,3,No,No
RM873,33,26-35,Female,Sales,"Sales Executive",4539,10,3,2,3,No,No
RM884,33,26-35,Male,"Research & Development","Research Scientist",2781,14,4,3,3,No,No
RM909,33,26-35,Male,Sales,"Sales Executive",8380,9,3,3,3,Yes,No
RM991,33,26-35,Male,Sales,"Sales Executive",9998,5,4,4,3,No,No
RM1048,33,26-35,Male,Sales,"Sales Executive",4373,4,1,3,3,No,No
RM1067,33,26-35,Female,"Research & Development","Laboratory Technician",3838,5,2,3,3,No,No
RM1075,33,26-35,Male,"Research & Development","Healthcare Representative",6388,0,3,3,3,Yes,No
RM1092,33,26-35,Male,"Research & Development","Manufacturing Director",4320,5,2,3,3,No,No
RM1096,33,26-35,Male,"Research & Development","Laboratory Technician",5207,15,3,3,3,Yes,No
RM1106,33,26-35,Male,Sales,"Sales Executive",6392,2,1,1,3,No,No
RM1190,33,26-35,Male,Sales,"Sales Executive",5505,6,4,3,3,No,No
RM1199,33,26-35,Female,Sales,"Sales Executive",5368,6,4,3,4,Yes,No
RM1211,33,26-35,Male,"Research & Development","Laboratory Technician",2028,14,2,3,3,No,No
RM1254,33,26-35,Female,Sales,"Sales Executive",5147,11,2,2,3,No,No
RM1256,33,26-35,Female,Sales,"Sales Executive",8564,0,1,2,4,Yes,Yes
RM1266,33,26-35,Male,"Research & Development","Research Scientist",3055,9,2,2,3,No,No
RM1283,33,26-35,Male,"Research & Development","Research Scientist",3143,10,1,3,3,No,No
RM1364,33,26-35,Male,Sales,"Sales Executive",5487,10,3,2,3,No,No
RM1399,33,26-35,Male,"Research & Development","Healthcare Representative",5968,9,3,3,4,No,No
RM1416,33,26-35,Male,"Research & Development","Laboratory Technician",2008,1,3,2,3,No,No
RM1426,33,26-35,Female,"Research & Development","Healthcare Representative",4878,9,4,3,3,Yes,No
RM014,34,26-35,Male,"Research & Development","Laboratory Technician",2661,2,4,3,3,No,No
RM047,34,26-35,Male,Sales,"Sales Executive",4568,9,3,3,4,No,No
RM085,34,26-35,Male,"Research & Development","Manufacturing Director",4325,5,2,3,3,No,No
RM104,34,26-35,Female,"Research & Development","Research Scientist",4809,16,3,3,3,No,No
RM112,34,26-35,Male,"Research & Development","Laboratory Technician",6074,9,3,3,4,Yes,Yes
RM115,34,26-35,Female,"Research & Development","Research Scientist",4505,1,2,3,3,No,No
RM117,34,26-35,Female,"Research & Development",Manager,11631,11,1,3,3,No,No
RM160,34,26-35,Female,Sales,"Sales Representative",2231,4,3,3,3,No,No
RM182,34,26-35,Female,"Research & Development","Research Scientist",2311,3,2,3,3,No,No
RM189,34,26-35,Male,"Research & Development","Manufacturing Director",9547,10,3,2,3,No,No
RM203,34,26-35,Male,"Research & Development","Research Scientist",3815,5,3,4,3,Yes,No
RM248,34,26-35,Male,"Research & Development","Manufacturing Director",5957,11,1,3,3,No,No
RM379,34,26-35,Male,Sales,"Sales Executive",5304,5,4,2,3,Yes,Yes
RM394,34,26-35,Female,Sales,"Sales Executive",6538,3,3,3,3,No,No
RM416,34,26-35,Female,Sales,"Sales Representative",2351,2,3,2,3,No,Yes
RM433,34,26-35,Male,"Research & Development","Research Scientist",2768,7,3,3,3,No,No
RM441,34,26-35,Female,"Human Resources","Human Resources",9950,3,1,3,3,Yes,Yes
RM463,34,26-35,Male,Sales,"Sales Executive",5337,10,4,3,3,No,No
RM482,34,26-35,Male,"Research & Development","Research Scientist",3622,6,4,3,3,Yes,No
RM495,34,26-35,Female,Sales,"Sales Representative",2579,8,3,3,3,Yes,No
RM504,34,26-35,Male,"Research & Development","Research Scientist",2691,10,4,2,3,No,No
RM525,34,26-35,Female,"Research & Development","Healthcare Representative",8621,8,2,4,3,No,No
RM550,34,26-35,Female,"Research & Development","Healthcare Representative",6142,5,3,3,3,No,No
RM561,34,26-35,Female,"Research & Development","Manufacturing Director",5121,0,1,3,3,No,No
RM568,34,26-35,Male,Sales,"Sales Executive",6274,6,4,3,4,No,No
RM575,34,26-35,Female,"Research & Development","Research Scientist",3280,4,4,3,3,No,No
RM580,34,26-35,Female,"Research & Development","Research Scientist",4381,6,1,3,3,No,No
RM584,34,26-35,Female,Sales,"Sales Executive",6500,3,1,3,3,No,No
RM607,34,26-35,Female,"Research & Development","Research Scientist",2553,5,4,3,3,No,No
RM614,34,26-35,Male,"Human Resources","Human Resources",3737,3,4,1,3,No,No
RM672,34,26-35,Male,"Research & Development","Laboratory Technician",2008,1,2,3,3,No,No
RM758,34,26-35,Male,Sales,"Sales Executive",9725,15,4,2,3,No,No
RM764,34,26-35,Female,Sales,"Sales Representative",2220,1,3,3,3,Yes,No
RM795,34,26-35,Male,"Research & Development","Healthcare Representative",7756,6,4,2,3,No,No
RM804,34,26-35,Male,"Research & Development","Research Scientist",2979,0,4,3,3,No,No
RM823,34,26-35,Male,"Research & Development","Manufacturing Director",4033,3,3,2,3,No,No
RM835,34,26-35,Female,Sales,"Sales Executive",5714,6,3,2,4,No,No
RM848,34,26-35,Male,"Research & Development","Healthcare Representative",5343,13,1,3,4,No,No
RM907,34,26-35,Female,"Research & Development","Research Scientist",2585,1,3,2,3,No,No
RM918,34,26-35,Female,Sales,"Sales Executive",4538,3,1,3,3,Yes,No
RM921,34,26-35,Female,"Research & Development","Laboratory Technician",4444,11,2,4,3,No,No
RM924,34,26-35,Male,"Human Resources","Human Resources",4490,10,2,4,3,No,No
RM959,34,26-35,Male,"Research & Development","Healthcare Representative",8500,9,4,2,3,No,No
RM965,34,26-35,Female,Sales,"Sales Executive",6125,10,1,4,3,No,No
RM978,34,26-35,Female,"Research & Development","Research Scientist",2029,5,3,3,4,No,No
RM980,34,26-35,Male,"Research & Development","Laboratory Technician",5429,8,3,3,3,No,No
RM984,34,26-35,Female,"Research & Development","Healthcare Representative",6687,14,4,4,3,No,No
RM1016,34,26-35,Male,"Research & Development","Research Scientist",2996,4,1,3,3,No,No
RM1028,34,26-35,Female,"Research & Development","Laboratory Technician",3294,5,2,2,3,No,No
RM1040,34,26-35,Female,"Human Resources","Human Resources",2742,2,3,3,3,No,Yes
RM1049,34,26-35,Male,Sales,"Sales Executive",4759,13,1,3,3,No,No
RM1056,34,26-35,Male,"Research & Development","Research Director",17007,14,1,2,3,No,No
RM1059,34,26-35,Female,Sales,"Sales Executive",4599,15,2,4,4,Yes,Yes
RM1085,34,26-35,Male,Sales,"Sales Executive",7083,10,3,3,3,Yes,No
RM1088,34,26-35,Male,Sales,"Sales Representative",2308,11,3,3,4,Yes,No
RM1116,34,26-35,Male,"Research & Development","Research Scientist",2972,1,4,1,3,No,No
RM1118,34,26-35,Male,"Research & Development","Research Scientist",5484,2,4,2,3,No,No
RM1132,34,26-35,Male,"Research & Development","Healthcare Representative",5063,8,3,2,3,No,No
RM1147,34,26-35,Male,"Research & Development","Manufacturing Director",4724,9,4,3,3,No,No
RM1180,34,26-35,Female,"Research & Development","Research Scientist",5433,11,2,3,3,No,No
RM1209,34,26-35,Male,"Research & Development","Laboratory Technician",3986,15,4,4,3,No,No
RM1213,34,26-35,Female,"Research & Development","Research Scientist",2929,10,4,3,3,No,No
RM1253,34,26-35,Male,"Research & Development","Research Scientist",2932,5,4,3,3,Yes,No
RM1268,34,26-35,Male,Sales,"Sales Executive",4001,15,3,3,3,Yes,No
RM1271,34,26-35,Female,Sales,"Sales Executive",6029,2,4,3,3,No,No
RM1291,34,26-35,Male,"Research & Development","Laboratory Technician",5346,7,1,2,3,No,Yes
RM1301,34,26-35,Male,Sales,"Sales Executive",6799,10,3,3,4,No,No
RM1343,34,26-35,Male,Sales,"Sales Executive",9713,5,4,3,3,Yes,No
RM1354,34,26-35,Male,"Research & Development","Research Scientist",2307,5,1,3,4,Yes,Yes
RM1360,34,26-35,Female,Sales,"Sales Executive",8103,4,4,2,3,Yes,No
RM1369,34,26-35,Male,"Research & Development","Research Scientist",5747,15,4,3,3,Yes,No
RM1385,34,26-35,Male,Sales,"Sales Executive",9888,14,4,2,4,No,No
RM1386,34,26-35,Male,Sales,"Sales Executive",8628,8,3,2,3,No,No
RM1447,34,26-35,Female,Sales,"Sales Executive",6712,8,3,3,4,No,No
RM1470,34,26-35,Male,"Research & Development","Laboratory Technician",4404,4,3,4,3,No,No
RM1470,34,26-35,Male,"Research & Development","Laboratory Technician",4404,4,3,4,3,No,No
RM011,35,26-35,Male,"Research & Development","Laboratory Technician",2426,5,2,3,3,No,No
RM038,35,26-35,Female,Sales,"Sales Representative",2014,2,4,3,3,No,No
RM041,35,26-35,Male,"Research & Development","Laboratory Technician",1951,1,4,3,3,No,No
RM050,35,26-35,Male,"Research & Development","Laboratory Technician",2269,1,4,3,3,No,No
RM054,35,26-35,Male,"Research & Development","Healthcare Representative",9884,4,1,3,3,Yes,No
RM057,35,26-35,Male,Sales,"Sales Executive",9069,9,1,2,4,No,No
RM058,35,26-35,Female,"Research & Development","Laboratory Technician",4014,2,1,3,3,Yes,No
RM069,35,26-35,Male,"Research & Development","Research Scientist",2194,3,1,2,3,No,No
RM082,35,26-35,Male,"Research & Development","Research Scientist",2859,6,3,3,3,No,No
RM152,35,26-35,Male,Sales,"Sales Executive",7295,10,2,3,3,No,No
RM193,35,26-35,Male,"Research & Development","Manufacturing Director",5916,1,3,3,3,Yes,Yes
RM197,35,26-35,Female,"Research & Development","Laboratory Technician",4425,6,2,3,3,No,No
RM229,35,26-35,Female,Sales,"Sales Executive",8789,10,3,4,3,No,No
RM277,35,26-35,Female,"Research & Development",Manager,11996,7,2,2,3,No,No
RM298,35,26-35,Male,Sales,"Sales Executive",8020,11,2,2,3,No,No
RM345,35,26-35,Male,"Research & Development","Manufacturing Director",8095,16,2,3,3,No,No
RM373,35,26-35,Male,"Research & Development","Healthcare Representative",6540,1,2,3,3,No,No
RM431,35,26-35,Male,"Research & Development","Laboratory Technician",4230,5,3,3,3,No,No
RM439,35,26-35,Male,"Research & Development","Healthcare Representative",7632,8,3,3,3,Yes,No
RM448,35,26-35,Male,Sales,"Sales Executive",4717,11,3,3,3,No,No
RM462,35,26-35,Female,Sales,"Sales Executive",4859,5,3,3,3,No,No
RM484,35,26-35,Male,"Research & Development","Laboratory Technician",3681,3,4,3,3,No,No
RM509,35,26-35,Male,"Research & Development","Research Scientist",6646,17,4,3,3,No,No
RM516,35,26-35,Male,"Research & Development","Laboratory Technician",1281,1,3,3,3,No,No
RM558,35,26-35,Female,"Research & Development","Healthcare Representative",5093,1,1,4,3,No,No
RM581,35,26-35,Female,Sales,"Sales Representative",2572,3,4,2,3,No,No
RM597,35,26-35,Female,"Research & Development","Research Scientist",2506,2,3,3,3,No,No
RM612,35,26-35,Male,"Research & Development","Manufacturing Director",10221,8,3,4,4,No,No
RM621,35,26-35,Female,"Research & Development","Research Scientist",2559,6,1,2,3,No,No
RM636,35,26-35,Female,"Research & Development","Manufacturing Director",10685,17,3,3,4,Yes,No
RM637,35,26-35,Female,"Research & Development","Research Scientist",2022,10,2,2,3,Yes,Yes
RM648,35,26-35,Male,"Research & Development","Manufacturing Director",10903,13,2,3,3,No,No
RM677,35,26-35,Female,"Research & Development","Healthcare Representative",4014,10,4,1,4,Yes,No
RM699,35,26-35,Female,Sales,"Sales Executive",4601,5,3,3,3,No,No
RM705,35,26-35,Male,Sales,"Sales Executive",7823,10,4,3,3,No,No
RM726,35,26-35,Male,"Research & Development","Laboratory Technician",3743,4,2,1,4,Yes,Yes
RM730,35,26-35,Female,"Research & Development","Healthcare Representative",10388,16,3,2,3,Yes,No
RM741,35,26-35,Male,"Research & Development","Laboratory Technician",3917,3,4,2,4,No,No
RM792,35,26-35,Male,Sales,"Sales Executive",9582,8,1,3,4,Yes,Yes
RM821,35,26-35,Male,Sales,"Sales Executive",4968,5,4,3,3,No,No
RM836,35,26-35,Male,"Human Resources","Human Resources",4323,5,3,1,3,No,No
RM841,35,26-35,Male,"Research & Development","Laboratory Technician",2258,8,3,3,3,No,No
RM847,35,26-35,Male,"Research & Development","Manufacturing Director",10274,7,2,4,3,No,No
RM849,35,26-35,Male,"Research & Development","Laboratory Technician",2376,2,4,4,3,No,No
RM871,35,26-35,Male,Sales,"Sales Executive",8966,7,1,3,3,Yes,No
RM889,35,26-35,Female,Sales,"Sales Executive",10377,13,4,2,3,Yes,No
RM925,35,26-35,Male,"Research & Development","Research Scientist",3506,3,3,3,3,Yes,No
RM962,35,26-35,Male,"Research & Development","Research Scientist",4249,9,3,3,3,Yes,No
RM974,35,26-35,Female,"Research & Development","Laboratory Technician",5363,9,4,3,3,No,No
RM982,35,26-35,Female,Sales,"Sales Executive",4614,4,3,2,3,Yes,Yes
RM1003,35,26-35,Male,"Research & Development","Manufacturing Director",9362,2,4,3,3,No,No
RM1060,35,26-35,Male,Sales,"Sales Representative",2404,1,3,3,3,No,No
RM1082,35,26-35,Female,"Research & Development","Healthcare Representative",8606,11,2,1,3,No,No
RM1101,35,26-35,Female,Sales,"Sales Representative",2430,5,3,3,4,No,No
RM1109,35,26-35,Male,"Research & Development","Laboratory Technician",2450,3,1,3,3,No,No
RM1111,35,26-35,Female,"Research & Development","Laboratory Technician",2074,1,1,3,3,Yes,Yes
RM1124,35,26-35,Female,"Research & Development","Healthcare Representative",6142,5,3,3,3,Yes,No
RM1131,35,26-35,Male,"Research & Development","Laboratory Technician",3407,10,3,2,3,No,No
RM1135,35,26-35,Male,"Research & Development","Laboratory Technician",2690,1,4,2,3,No,No
RM1151,35,26-35,Male,"Research & Development","Research Scientist",5208,16,1,3,3,No,No
RM1158,35,26-35,Female,"Research & Development","Healthcare Representative",4148,14,3,3,3,No,No
RM1163,35,26-35,Male,Sales,"Sales Executive",10306,13,1,3,3,No,Yes
RM1168,35,26-35,Male,Sales,"Sales Executive",5440,2,4,2,3,Yes,Yes
RM1187,35,26-35,Male,Sales,"Sales Executive",4581,11,4,4,4,Yes,Yes
RM1216,35,26-35,Male,"Research & Development","Research Scientist",4930,5,4,4,3,Yes,No
RM1233,35,26-35,Male,"Research & Development","Manufacturing Director",6883,7,3,3,3,No,No
RM1282,35,26-35,Male,Sales,"Sales Executive",5813,10,4,3,3,Yes,Yes
RM1289,35,26-35,Male,"Research & Development","Manufacturing Director",5762,7,4,3,3,No,No
RM1303,35,26-35,Male,"Research & Development","Laboratory Technician",2705,5,3,4,3,No,No
RM1346,35,26-35,Female,"Research & Development","Manufacturing Director",4788,3,2,3,3,Yes,No
RM1381,35,26-35,Male,Sales,"Sales Executive",5561,5,1,1,3,No,No
RM1393,35,26-35,Female,Sales,"Sales Executive",5204,10,4,3,3,Yes,No
RM1423,35,26-35,Male,"Research & Development","Laboratory Technician",2660,2,3,3,3,Yes,No
RM1425,35,26-35,Male,"Research & Development","Research Scientist",5098,10,3,3,3,No,No
RM1451,35,26-35,Female,"Human Resources","Human Resources",8837,9,4,3,3,Yes,No
RM1457,35,26-35,Male,"Research & Development","Healthcare Representative",5689,10,3,4,3,Yes,No
RM1459,35,26-35,Female,"Research & Development","Research Scientist",2977,4,4,3,3,No,No
RM010,36,36-45,Male,"Research & Development","Healthcare Representative",5237,7,3,2,3,No,No
RM022,36,36-45,Male,Sales,"Sales Representative",3407,5,1,3,4,No,Yes
RM039,36,36-45,Female,"Research & Development","Research Scientist",3419,1,1,4,3,Yes,No
RM065,36,36-45,Female,"Research & Development","Healthcare Representative",10096,17,3,3,3,No,No
RM067,36,36-45,Male,"Research & Development","Manufacturing Director",6499,6,2,3,3,No,No
RM118,36,36-45,Female,Sales,"Sales Executive",9738,9,4,3,3,No,No
RM119,36,36-45,Female,"Research & Development","Laboratory Technician",2835,1,4,3,4,No,No
RM136,36,36-45,Male,"Research & Development","Manufacturing Director",4941,3,2,3,4,No,No
RM173,36,36-45,Male,"Research & Development","Laboratory Technician",2088,8,2,2,3,No,No
RM221,36,36-45,Male,"Research & Development","Laboratory Technician",5914,13,2,4,3,No,No
RM270,36,36-45,Male,"Research & Development","Laboratory Technician",3210,15,4,3,3,No,No
RM292,36,36-45,Male,"Research & Development","Research Scientist",4485,8,2,3,3,No,No
RM299,36,36-45,Male,"Research & Development","Laboratory Technician",3688,1,4,3,3,No,No
RM306,36,36-45,Female,"Research & Development","Laboratory Technician",5674,9,2,3,3,No,No
RM378,36,36-45,Female,"Research & Development","Research Scientist",2543,2,3,3,3,No,No
RM385,36,36-45,Male,Sales,"Sales Executive",7596,10,3,3,3,No,No
RM443,36,36-45,Male,Sales,"Sales Executive",9980,10,4,2,3,No,No
RM512,36,36-45,Male,"Research & Development","Manufacturing Director",8847,3,2,3,3,Yes,No
RM542,36,36-45,Female,"Research & Development","Research Director",11713,8,1,3,3,No,No
RM570,36,36-45,Male,Sales,"Sales Executive",7587,10,1,3,3,No,No
RM594,36,36-45,Female,"Research & Development","Manufacturing Director",5228,9,2,3,3,No,No
RM600,36,36-45,Male,"Human Resources","Human Resources",2143,5,2,3,3,No,No
RM622,36,36-45,Male,Sales,"Sales Executive",6201,18,4,2,3,Yes,No
RM634,36,36-45,Male,"Human Resources","Human Resources",2342,5,1,3,4,No,No
RM665,36,36-45,Male,"Research & Development","Healthcare Representative",6586,16,4,2,3,Yes,No
RM681,36,36-45,Male,"Research & Development","Research Scientist",4678,6,4,3,3,No,No
RM688,36,36-45,Male,"Research & Development","Laboratory Technician",2519,11,3,3,4,No,No
RM694,36,36-45,Male,Sales,"Sales Executive",10325,16,4,3,3,Yes,Yes
RM709,36,36-45,Male,Sales,"Sales Executive",5079,7,4,3,3,No,No
RM753,36,36-45,Female,"Research & Development","Laboratory Technician",2743,17,1,3,3,No,Yes
RM762,36,36-45,Male,"Research & Development","Laboratory Technician",4834,1,3,2,3,No,Yes
RM774,36,36-45,Female,"Research & Development","Manufacturing Director",8858,14,4,2,3,No,No
RM818,36,36-45,Male,"Research & Development","Manufacturing Director",7779,11,4,3,4,No,No
RM874,36,36-45,Male,"Research & Development","Laboratory Technician",2741,7,3,3,3,No,No
RM883,36,36-45,Female,"Research & Development","Manufacturing Director",10252,7,1,3,4,Yes,No
RM901,36,36-45,Male,"Research & Development","Research Scientist",3692,11,2,2,3,No,No
RM928,36,36-45,Female,"Research & Development","Manufacturing Director",5410,16,2,3,3,Yes,No
RM943,36,36-45,Female,"Research & Development","Healthcare Representative",7094,7,3,3,3,No,No
RM969,36,36-45,Female,Sales,"Sales Executive",4639,15,1,2,3,No,No
RM1012,36,36-45,Female,Sales,"Sales Executive",9278,5,2,3,3,Yes,No
RM1019,36,36-45,Male,"Research & Development","Laboratory Technician",5810,10,4,2,3,No,No
RM1020,36,36-45,Female,Sales,"Sales Executive",5647,3,1,2,3,No,No
RM1103,36,36-45,Male,Sales,"Sales Representative",2644,3,4,2,4,Yes,No
RM1122,36,36-45,Female,Sales,"Sales Executive",6815,1,3,3,3,No,No
RM1129,36,36-45,Male,"Research & Development","Laboratory Technician",5562,3,1,3,3,Yes,No
RM1146,36,36-45,Female,"Research & Development","Manufacturing Director",4663,3,3,3,3,Yes,No
RM1174,36,36-45,Female,"Research & Development","Healthcare Representative",8008,3,1,3,3,No,No
RM1181,36,36-45,Male,"Research & Development","Laboratory Technician",2013,4,2,3,3,No,No
RM1183,36,36-45,Female,"Research & Development","Manufacturing Director",4374,3,3,3,3,No,No
RM1184,36,36-45,Male,"Research & Development","Healthcare Representative",6842,5,1,3,4,No,No
RM1200,36,36-45,Male,"Research & Development","Healthcare Representative",5347,3,3,2,3,No,No
RM1221,36,36-45,Female,Sales,"Sales Representative",4502,13,4,2,3,No,No
RM1237,36,36-45,Male,Sales,"Sales Executive",6134,2,1,3,3,Yes,Yes
RM1279,36,36-45,Male,"Research & Development","Healthcare Representative",8321,12,1,3,3,Yes,No
RM1316,36,36-45,Female,"Research & Development","Research Scientist",6962,1,2,3,4,Yes,No
RM1341,36,36-45,Female,Sales,"Sales Executive",5673,10,3,3,3,Yes,No
RM1348,36,36-45,Male,"Human Resources","Human Resources",3886,10,4,2,4,No,No
RM1356,36,36-45,Male,Sales,"Sales Executive",5507,4,2,1,3,No,No
RM1384,36,36-45,Male,"Research & Development","Laboratory Technician",2810,5,2,3,4,No,No
RM1440,36,36-45,Female,Sales,"Sales Executive",7644,9,4,3,3,No,No
RM1441,36,36-45,Female,"Research & Development","Manufacturing Director",5131,4,2,3,3,No,No
RM1448,36,36-45,Male,Sales,"Sales Executive",5406,15,4,2,4,No,No
RM1454,36,36-45,Female,Sales,"Sales Executive",6652,6,4,2,3,No,No
RM1466,36,36-45,Male,"Research & Development","Laboratory Technician",2571,5,4,3,3,No,No
RM1466,36,36-45,Male,"Research & Development","Laboratory Technician",2571,5,4,3,3,No,No
RM003,37,36-45,Male,"Research & Development","Laboratory Technician",2090,0,3,3,3,Yes,Yes
RM048,37,36-45,Male,"Research & Development","Research Scientist",3022,1,2,3,4,No,No
RM060,37,36-45,Male,"Research & Development","Manufacturing Director",5993,7,3,4,3,No,No
RM079,37,36-45,Male,"Research & Development","Research Director",13664,5,3,4,3,No,No
RM101,37,36-45,Male,"Human Resources","Human Resources",2073,3,1,3,4,Yes,Yes
RM105,37,36-45,Male,"Research & Development","Healthcare Representative",5163,1,4,4,3,No,No
RM116,37,36-45,Male,Sales,"Sales Executive",7428,5,4,3,3,No,No
RM196,37,36-45,Male,"Research & Development","Research Scientist",3564,8,1,2,3,Yes,No
RM223,37,36-45,Male,"Research & Development","Research Director",12185,10,4,3,3,Yes,No
RM227,37,36-45,Male,Sales,"Sales Representative",2793,9,4,3,3,No,No
RM274,37,36-45,Male,Sales,"Sales Executive",6502,5,4,4,3,No,No
RM276,37,36-45,Female,"Research & Development","Research Director",13603,5,4,3,3,Yes,No
RM286,37,36-45,Female,"Research & Development","Research Scientist",2115,17,4,3,3,No,No
RM295,37,36-45,Male,"Research & Development","Research Scientist",2326,4,4,2,3,Yes,No
RM341,37,36-45,Male,"Research & Development","Manufacturing Director",6347,6,4,2,3,No,No
RM354,37,36-45,Male,"Research & Development","Research Scientist",5974,7,1,3,3,Yes,No
RM365,37,36-45,Female,"Research & Development","Laboratory Technician",3452,5,1,3,4,No,No
RM387,37,36-45,Female,"Research & Development","Laboratory Technician",3034,18,1,2,3,No,No
RM390,37,36-45,Male,"Research & Development","Manufacturing Director",4197,1,2,2,3,Yes,No
RM399,37,36-45,Female,"Research & Development","Research Scientist",4449,13,3,3,3,Yes,No
RM465,37,36-45,Female,"Research & Development","Manufacturing Director",7491,6,4,4,3,No,No
RM468,37,36-45,Male,Sales,"Sales Executive",8834,9,2,3,3,No,No
RM473,37,36-45,Female,"Research & Development","Manufacturing Director",6447,6,2,2,3,No,No
RM487,37,36-45,Male,Sales,"Sales Executive",9602,3,3,2,3,Yes,No
RM507,37,36-45,Male,"Research & Development","Manufacturing Director",9434,10,3,3,3,No,No
RM523,37,36-45,Male,"Research & Development","Research Scientist",4680,1,4,3,3,No,No
RM578,37,36-45,Female,"Research & Development","Research Scientist",2782,5,1,2,3,Yes,No
RM629,37,36-45,Male,Sales,"Sales Executive",6334,1,3,3,3,No,No
RM649,37,36-45,Female,Sales,"Sales Representative",2973,5,4,3,3,No,No
RM653,37,36-45,Male,Sales,"Sales Executive",7642,10,2,3,3,Yes,No
RM696,37,36-45,Male,Sales,"Sales Executive",10609,14,3,1,3,No,Yes
RM745,37,36-45,Female,"Research & Development","Healthcare Representative",4777,1,2,1,3,No,Yes
RM768,37,36-45,Female,"Research & Development","Healthcare Representative",4107,4,2,2,3,No,No
RM796,37,36-45,Female,Sales,"Sales Executive",6694,1,4,3,3,Yes,No
RM833,37,36-45,Female,"Research & Development","Healthcare Representative",5731,6,4,3,3,No,No
RM856,37,36-45,Female,"Research & Development","Manufacturing Director",6474,14,4,2,3,No,No
RM990,37,36-45,Male,"Research & Development","Research Scientist",2996,6,3,3,3,Yes,No
RM1002,37,36-45,Female,"Research & Development","Laboratory Technician",3629,3,3,3,3,No,No
RM1023,37,36-45,Male,"Research & Development","Laboratory Technician",3500,6,3,1,3,No,No
RM1090,37,36-45,Male,"Research & Development","Research Scientist",4285,10,4,3,3,No,No
RM1159,37,36-45,Male,"Research & Development","Manufacturing Director",5768,4,3,2,3,No,No
RM1164,37,36-45,Female,"Research & Development","Research Scientist",3936,8,2,1,3,No,No
RM1212,37,36-45,Male,Sales,"Sales Executive",9525,6,4,2,3,No,No
RM1277,37,36-45,Male,Sales,"Sales Executive",4189,5,2,3,3,No,No
RM1281,37,36-45,Male,"Human Resources","Human Resources",4071,10,2,2,3,No,No
RM1292,37,36-45,Male,"Research & Development","Manufacturing Director",4213,10,1,1,3,No,Yes
RM1345,37,36-45,Male,"Research & Development","Research Scientist",4284,5,1,3,4,Yes,No
RM1433,37,36-45,Female,"Research & Development","Research Director",13744,16,4,3,4,Yes,No
RM020,38,36-45,Male,"Research & Development","Research Scientist",3944,3,4,3,3,Yes,No
RM062,38,36-45,Female,"Research & Development","Laboratory Technician",2406,10,4,3,3,No,No
RM084,38,36-45,Female,"Research & Development","Research Scientist",5329,13,4,3,3,Yes,No
RM169,38,36-45,Female,Sales,"Sales Executive",8686,8,4,4,4,No,No
RM180,38,36-45,Female,"Research & Development","Laboratory Technician",2288,2,4,3,3,No,No
RM199,38,36-45,Male,"Research & Development","Manufacturing Director",6553,1,3,3,3,No,No
RM200,38,36-45,Male,"Research & Development","Manufacturing Director",6261,7,4,1,3,No,No
RM205,38,36-45,Male,"Research & Development","Healthcare Representative",6673,1,1,3,3,Yes,Yes
RM224,38,36-45,Male,Sales,"Sales Executive",10609,16,3,2,3,No,No
RM262,38,36-45,Male,Sales,"Sales Executive",5249,8,4,3,3,No,No
RM278,38,36-45,Female,Sales,"Sales Executive",5605,8,1,3,4,Yes,No
RM288,38,36-45,Male,"Research & Development","Healthcare Representative",5745,2,4,3,3,No,No
RM308,38,36-45,Female,"Research & Development","Research Director",12061,10,2,3,3,No,No
RM342,38,36-45,Male,"Research & Development","Research Director",11510,11,4,3,3,Yes,No
RM417,38,36-45,Male,"Research & Development","Laboratory Technician",1702,1,4,3,4,Yes,No
RM472,38,36-45,Female,"Research & Development","Healthcare Representative",9824,1,3,3,3,No,No
RM491,38,36-45,Female,"Research & Development","Research Scientist",2619,0,1,2,3,No,No
RM519,38,36-45,Female,Sales,"Sales Executive",4028,7,4,3,4,No,No
RM530,38,36-45,Female,"Research & Development","Healthcare Representative",7625,9,4,2,3,No,No
RM543,38,36-45,Female,"Research & Development","Manufacturing Director",7861,1,3,4,3,Yes,No
RM560,38,36-45,Male,"Research & Development","Research Scientist",3057,1,3,1,3,Yes,No
RM579,38,36-45,Female,"Research & Development","Manufacturing Director",5980,15,1,3,3,Yes,No
RM606,38,36-45,Male,"Research & Development","Healthcare Representative",6288,4,1,2,3,No,No
RM643,38,36-45,Male,Sales,"Sales Representative",2899,2,2,3,3,No,No
RM682,38,36-45,Female,"Research & Development","Research Director",13582,15,1,3,3,No,No
RM704,38,36-45,Female,Sales,"Sales Executive",5666,5,4,3,3,Yes,No
RM723,38,36-45,Male,"Research & Development","Research Scientist",2684,2,3,2,3,No,No
RM748,38,36-45,Male,Sales,"Sales Executive",6861,1,4,3,3,Yes,No
RM766,38,36-45,Male,"Research & Development","Research Scientist",2821,2,3,3,3,No,No
RM785,38,36-45,Female,"Research & Development","Healthcare Representative",8823,19,3,2,3,No,No
RM808,38,36-45,Male,Sales,"Sales Executive",8740,8,3,3,3,Yes,No
RM812,38,36-45,Male,Sales,"Sales Executive",7351,1,2,3,3,No,No
RM827,38,36-45,Male,"Human Resources","Human Resources",2844,7,3,4,3,No,No
RM964,38,36-45,Female,Sales,"Sales Executive",6893,7,1,3,3,No,No
RM983,38,36-45,Male,"Research & Development","Research Scientist",2610,4,3,3,3,No,No
RM1108,38,36-45,Male,"Human Resources","Human Resources",6077,6,3,3,3,No,No
RM1113,38,36-45,Male,"Research & Development","Manufacturing Director",4855,5,2,3,3,No,Yes
RM1120,38,36-45,Male,Sales,"Sales Executive",9924,9,2,3,3,No,No
RM1121,38,36-45,Female,Sales,"Sales Executive",4198,3,2,4,3,No,No
RM1162,38,36-45,Female,"Research & Development","Manufacturing Director",7756,5,3,4,3,Yes,No
RM1188,38,36-45,Male,"Research & Development","Research Scientist",4735,13,4,4,3,No,No
RM1194,38,36-45,Female,"Research & Development","Laboratory Technician",2440,4,2,3,4,No,No
RM1203,38,36-45,Female,"Research & Development","Laboratory Technician",3306,0,3,2,3,No,No
RM1257,38,36-45,Female,"Research & Development","Laboratory Technician",2468,6,2,2,3,No,No
RM1262,38,36-45,Male,"Research & Development","Healthcare Representative",5811,1,4,3,3,Yes,No
RM1273,38,36-45,Female,"Research & Development","Laboratory Technician",3702,5,3,3,3,No,No
RM1290,38,36-45,Male,"Human Resources","Human Resources",2592,11,2,3,3,No,No
RM1309,38,36-45,Female,Sales,"Sales Representative",5405,4,4,2,4,Yes,No
RM1374,38,36-45,Female,"Research & Development","Research Scientist",2133,20,2,3,3,Yes,No
RM1377,38,36-45,Male,"Research & Development","Research Scientist",4771,5,4,4,3,No,No
RM1392,38,36-45,Male,Sales,"Sales Representative",2858,1,1,2,3,No,No
RM1401,38,36-45,Male,"Human Resources","Human Resources",2991,6,2,3,3,Yes,No
RM1417,38,36-45,Male,Sales,"Sales Executive",4440,15,2,3,3,No,No
RM1419,38,36-45,Male,"Research & Development","Manufacturing Director",5321,8,3,3,3,No,No
RM1431,38,36-45,Female,"Research & Development","Research Director",13206,18,3,3,3,No,No
RM1452,38,36-45,Female,Sales,"Sales Executive",5343,10,4,3,3,No,No
RM034,39,36-45,Male,Sales,"Sales Representative",2086,1,4,4,3,No,Yes
RM138,39,36-45,Female,Sales,"Sales Executive",5902,15,3,4,3,No,No
RM241,39,36-45,Female,"Research & Development","Laboratory Technician",2232,3,3,3,3,No,No
RM305,39,36-45,Male,"Research & Development","Healthcare Representative",9613,18,4,2,3,No,No
RM315,39,36-45,Male,"Research & Development",Manager,17068,21,1,3,3,Yes,No
RM327,39,36-45,Male,"Research & Development",Manager,19272,21,4,3,3,No,No
RM328,39,36-45,Female,Sales,"Sales Executive",5238,1,3,2,3,Yes,Yes
RM401,39,36-45,Male,"Research & Development",Manager,19197,21,3,3,3,Yes,No
RM450,39,36-45,Female,"Research & Development","Laboratory Technician",3755,8,3,3,3,No,No
RM527,39,36-45,Female,"Research & Development","Healthcare Representative",4553,20,3,3,3,No,No
RM552,39,36-45,Female,"Human Resources","Human Resources",6389,8,2,1,3,No,No
RM655,39,36-45,Female,"Human Resources","Human Resources",5204,5,4,3,3,No,No
RM670,39,36-45,Male,"Research & Development","Laboratory Technician",2404,2,1,1,4,Yes,Yes
RM706,39,36-45,Male,Sales,"Sales Executive",7880,8,3,3,3,No,No
RM739,39,36-45,Female,"Research & Development","Manufacturing Director",12742,21,4,3,3,No,No
RM754,39,36-45,Female,"Research & Development","Manufacturing Director",10880,21,1,3,3,Yes,No
RM814,39,36-45,Male,"Research & Development","Healthcare Representative",12169,18,4,3,3,No,Yes
RM817,39,36-45,Male,"Research & Development","Laboratory Technician",6782,5,2,2,3,No,No
RM938,39,36-45,Female,"Research & Development",Manager,17123,19,2,3,3,Yes,No
RM941,39,36-45,Male,"Research & Development","Research Scientist",3904,5,1,3,3,No,Yes
RM950,39,36-45,Male,"Research & Development","Manufacturing Director",4534,8,3,3,3,No,No
RM987,39,36-45,Male,Sales,"Sales Executive",6120,5,4,4,3,Yes,No
RM993,39,36-45,Male,"Research & Development","Healthcare Representative",10920,6,3,3,4,No,No
RM1033,39,36-45,Female,"Research & Development","Laboratory Technician",3646,1,1,4,4,Yes,Yes
RM1080,39,36-45,Female,"Research & Development","Manufacturing Director",8376,2,2,3,3,No,No
RM1125,39,36-45,Male,Sales,"Sales Executive",8237,7,3,3,3,No,No
RM1149,39,36-45,Male,"Research & Development","Manufacturing Director",5377,7,1,3,3,No,No
RM1156,39,36-45,Male,"Research & Development","Laboratory Technician",3069,10,3,3,3,No,No
RM1160,39,36-45,Female,"Research & Development","Manufacturing Director",5042,9,3,1,3,No,No
RM1176,39,36-45,Male,"Research & Development","Manufacturing Director",5295,5,2,3,4,No,No
RM1241,39,36-45,Male,"Research & Development","Laboratory Technician",6472,9,4,3,3,Yes,No
RM1285,39,36-45,Male,"Research & Development","Research Director",13464,4,3,3,4,No,No
RM1293,39,36-45,Male,Sales,"Sales Executive",4127,2,4,3,3,No,No
RM1336,39,36-45,Male,"Research & Development","Research Scientist",3902,2,4,3,3,No,No
RM1367,39,36-45,Female,Sales,"Sales Executive",5736,3,3,3,3,No,No
RM1373,39,36-45,Male,"Research & Development","Manufacturing Director",5151,10,1,3,4,No,No
RM1404,39,36-45,Male,Sales,"Sales Executive",13341,20,1,3,3,No,No
RM1430,39,36-45,Male,"Research & Development","Research Scientist",4108,7,4,3,3,No,No
RM1438,39,36-45,Male,"Research & Development",Manager,19431,6,4,2,3,No,No
RM1463,39,36-45,Female,Sales,"Sales Executive",12031,20,4,2,3,No,No
RM1467,39,36-45,Male,"Research & Development","Healthcare Representative",9991,7,1,3,3,No,No
RM1463,39,36-45,Female,Sales,"Sales Executive",12031,20,4,2,3,No,No
RM1467,39,36-45,Male,"Research & Development","Healthcare Representative",9991,7,1,3,3,No,No
RM091,40,36-45,Male,"Research & Development","Healthcare Representative",13503,22,2,2,4,No,No
RM151,40,36-45,Female,"Research & Development","Research Scientist",5605,20,2,3,3,No,No
RM159,40,36-45,Male,Sales,"Sales Executive",10855,12,4,2,3,No,No
RM187,40,36-45,Female,"Research & Development",Manager,19033,20,3,3,3,No,No
RM204,40,36-45,Male,"Research & Development","Laboratory Technician",2741,7,4,4,3,Yes,No
RM244,40,36-45,Male,"Research & Development","Research Scientist",3319,9,4,3,3,No,No
RM336,40,36-45,Male,Sales,"Sales Executive",7457,4,4,2,4,Yes,No
RM369,40,36-45,Male,Sales,"Sales Executive",6380,6,3,3,3,Yes,Yes
RM388,40,36-45,Female,Sales,"Sales Executive",5715,5,2,3,3,No,No
RM392,40,36-45,Female,"Research & Development","Laboratory Technician",3448,1,3,3,4,No,No
RM418,40,36-45,Female,Sales,Manager,18041,20,3,3,3,No,No
RM449,40,36-45,Female,"Research & Development","Manufacturing Director",13237,20,3,3,3,No,No
RM459,40,36-45,Male,Sales,"Sales Executive",10932,1,1,3,3,No,No
RM534,40,36-45,Male,Sales,"Sales Executive",10475,18,1,3,4,Yes,No
RM554,40,36-45,Female,"Research & Development","Research Scientist",2342,4,4,2,4,Yes,No
RM583,40,36-45,Female,"Research & Development","Healthcare Representative",4244,8,2,3,4,No,No
RM602,40,36-45,Male,"Research & Development","Laboratory Technician",5094,1,3,3,3,No,No
RM685,40,36-45,Male,Sales,"Sales Executive",9705,1,2,2,3,No,No
RM692,40,36-45,Male,"Research & Development","Research Scientist",3617,1,2,3,3,Yes,No
RM707,40,36-45,Female,Sales,"Sales Executive",13194,1,2,2,3,Yes,Yes
RM769,40,36-45,Male,Sales,"Sales Executive",8396,7,1,2,3,No,No
RM786,40,36-45,Male,"Research & Development","Healthcare Representative",10322,11,4,3,4,No,No
RM815,40,36-45,Male,"Research & Development","Research Director",19626,20,3,4,3,No,No
RM838,40,36-45,Female,"Research & Development","Research Director",13499,18,3,2,3,No,No
RM846,40,36-45,Female,"Research & Development","Research Scientist",4422,1,4,1,3,Yes,No
RM867,40,36-45,Male,Sales,"Sales Executive",4327,0,2,3,3,No,No
RM885,40,36-45,Female,Sales,"Sales Executive",6852,5,2,4,3,No,No
RM947,40,36-45,Male,Sales,"Sales Executive",9094,5,2,3,3,Yes,Yes
RM958,40,36-45,Male,"Research & Development","Research Scientist",3544,4,3,3,3,No,No
RM960,40,36-45,Male,"Research & Development","Research Scientist",4661,9,4,3,3,No,No
RM968,40,36-45,Male,"Research & Development","Laboratory Technician",2387,4,2,3,4,No,No
RM979,40,36-45,Female,"Research & Development","Healthcare Representative",6377,12,3,3,4,No,No
RM1030,40,36-45,Male,"Research & Development","Laboratory Technician",3975,8,3,4,3,No,No
RM1041,40,36-45,Male,"Research & Development","Research Director",13757,9,2,3,3,No,No
RM1046,40,36-45,Male,"Research & Development","Research Scientist",2345,3,3,4,3,No,No
RM1084,40,36-45,Male,"Research & Development","Laboratory Technician",2018,5,1,1,3,No,Yes
RM1095,40,36-45,Male,Sales,"Sales Executive",5473,8,1,4,3,No,No
RM1097,40,36-45,Male,"Human Resources",Manager,16437,21,4,3,4,Yes,No
RM1099,40,36-45,Male,"Research & Development","Healthcare Representative",4069,2,4,3,3,Yes,No
RM1133,40,36-45,Female,Sales,"Sales Executive",4639,5,1,3,3,No,No
RM1157,40,36-45,Female,"Research & Development","Manufacturing Director",10435,18,3,3,3,No,No
RM1165,40,36-45,Female,"Research & Development","Manufacturing Director",7945,4,4,2,3,Yes,No
RM1172,40,36-45,Male,"Research & Development","Laboratory Technician",2166,4,1,1,3,Yes,Yes
RM1230,40,36-45,Female,"Research & Development","Manufacturing Director",6516,1,1,3,3,Yes,No
RM1243,40,36-45,Male,Sales,Manager,19833,21,2,2,3,No,No
RM1287,40,36-45,Female,"Research & Development","Laboratory Technician",3377,4,1,2,3,No,No
RM1300,40,36-45,Female,"Research & Development","Healthcare Representative",6513,5,4,3,3,No,No
RM1305,40,36-45,Female,"Research & Development","Healthcare Representative",4448,7,1,3,3,No,No
RM1349,40,36-45,Male,"Research & Development",Manager,16823,19,1,3,3,No,No
RM1410,40,36-45,Female,"Research & Development","Laboratory Technician",6323,10,3,4,3,No,No
RM1411,40,36-45,Female,Sales,"Sales Executive",5677,11,2,3,3,No,No
RM1428,40,36-45,Male,"Research & Development","Laboratory Technician",2406,1,4,2,3,No,No
RM1456,40,36-45,Male,"Research & Development","Research Scientist",2809,2,3,3,3,No,No
RM1458,40,36-45,Female,"Research & Development","Research Scientist",2001,5,3,3,3,No,No
RM001,41,36-45,Female,Sales,"Sales Executive",5993,6,4,1,3,Yes,Yes
RM046,41,36-45,Female,"Research & Development","Research Director",19545,22,3,3,3,No,Yes
RM134,41,36-45,Male,Sales,"Sales Executive",8189,9,3,3,3,Yes,No
RM148,41,36-45,Male,"Research & Development",Manager,17181,7,1,2,3,No,No
RM149,41,36-45,Male,"Research & Development","Laboratory Technician",2238,5,1,3,4,No,No
RM167,41,36-45,Male,"Research & Development","Research Scientist",2451,9,3,3,3,No,No
RM183,41,36-45,Female,Sales,"Sales Representative",3140,4,2,2,4,Yes,Yes
RM216,41,36-45,Female,Sales,Manager,13591,1,4,3,3,Yes,No
RM243,41,36-45,Male,"Research & Development","Research Scientist",3072,1,1,2,3,No,No
RM301,41,36-45,Male,Sales,Manager,16015,22,2,3,3,No,No
RM347,41,36-45,Male,"Research & Development","Manufacturing Director",6032,5,2,3,3,Yes,No
RM367,41,36-45,Male,Sales,"Sales Executive",9355,8,2,3,3,No,Yes
RM447,41,36-45,Male,Sales,"Sales Executive",6230,14,4,3,3,No,No
RM460,41,36-45,Female,"Research & Development","Healthcare Representative",6811,8,3,3,3,Yes,No
RM467,41,36-45,Female,Sales,Manager,16595,18,1,3,3,No,No
RM536,41,36-45,Male,"Human Resources",Manager,19141,21,4,2,3,No,No
RM539,41,36-45,Male,"Human Resources",Manager,19189,22,3,3,3,No,No
RM668,41,36-45,Female,"Research & Development","Laboratory Technician",2778,7,4,2,3,Yes,Yes
RM687,41,36-45,Male,"Research & Development","Laboratory Technician",4721,18,1,3,3,Yes,No
RM717,41,36-45,Male,"Research & Development","Research Director",19419,18,3,4,3,No,No
RM738,41,36-45,Female,"Research & Development","Manufacturing Director",5003,2,3,3,3,No,No
RM747,41,36-45,Female,"Research & Development","Research Director",19973,21,3,3,4,No,No
RM784,41,36-45,Female,"Research & Development","Research Scientist",3376,10,3,3,3,No,No
RM831,41,36-45,Male,"Research & Development","Laboratory Technician",4766,1,4,3,3,Yes,No
RM865,41,36-45,Male,"Research & Development","Research Scientist",2107,1,1,1,3,No,Yes
RM952,41,36-45,Male,Sales,"Sales Executive",6151,19,2,3,3,No,No
RM961,41,36-45,Female,Sales,"Sales Executive",4103,9,1,3,3,No,No
